Country,Clicks,Impressions,CTR,Position
United States,847,88535,0.96%,31.34
Philippines,49,1243,3.94%,31.66
Canada,22,2846,0.77%,36.12
India,20,4035,0.5%,42.51
Serbia,17,143,11.89%,32.86
Mexico,14,1283,1.09%,42.87
United Kingdom,11,5096,0.22%,48.42
Australia,10,997,1%,42.76
Pakistan,10,536,1.87%,39.49
Colombia,8,525,1.52%,41.89
Spain,4,744,0.54%,43.88
Senegal,4,84,4.76%,39.77
South Africa,3,673,0.45%,43.08
Romania,3,202,1.49%,41.93
Vietnam,2,1839,0.11%,51.33
France,2,913,0.22%,44.01
Malaysia,2,647,0.31%,42.74
Egypt,2,478,0.42%,47.75
Bangladesh,2,438,0.46%,42.98
Bulgaria,2,170,1.18%,44.06
Israel,2,165,1.21%,45.04
Kenya,2,164,1.22%,38.77
Nigeria,2,146,1.37%,27.38
Brazil,1,13318,0.01%,46.35
Argentina,1,927,0.11%,46.91
Turkey,1,850,0.12%,44.71
Netherlands,1,545,0.18%,43.16
Ecuador,1,531,0.19%,47.25
United Arab Emirates,1,350,0.29%,45.7
Ireland,1,329,0.3%,45.39
Iraq,1,221,0.45%,47.28
Switzerland,1,85,1.18%,38.96
Bolivia,1,79,1.27%,40.44
Albania,1,65,1.54%,45.83
Slovakia,1,62,1.61%,41.19
Bosnia & Herzegovina,1,53,1.89%,45.64
Qatar,1,35,2.86%,40.46
Uganda,1,21,4.76%,34.05
Botswana,1,14,7.14%,45
Laos,1,13,7.69%,39
Cayman Islands,1,13,7.69%,40.92
Togo,1,12,8.33%,39.25
Montenegro,1,6,16.67%,40.17
Russia,0,4731,0%,47.08
South Korea,0,2999,0%,44.52
Italy,0,2248,0%,51.5
Germany,0,1247,0%,46.77
Indonesia,0,826,0%,42.33
Ukraine,0,764,0%,47.66
Japan,0,604,0%,35.03
Taiwan,0,543,0%,45.95
Lithuania,0,458,0%,52.15
Saudi Arabia,0,421,0%,46.65
Poland,0,413,0%,43.02
Thailand,0,352,0%,35.15
Venezuela,0,313,0%,46.06
Morocco,0,292,0%,43.81
Chile,0,267,0%,46.91
Unknown Region,0,264,0%,44.34
Peru,0,251,0%,47.13
Trinidad & Tobago,0,246,0%,50.06
Algeria,0,216,0%,42.86
Paraguay,0,212,0%,46.74
Sweden,0,189,0%,39.73
Jamaica,0,189,0%,43.29
Kazakhstan,0,184,0%,49.59
Singapore,0,179,0%,45.77
Uzbekistan,0,178,0%,48.77
Tunisia,0,173,0%,47.31
Dominican Republic,0,166,0%,45.92
Greece,0,163,0%,42.46
Belarus,0,155,0%,51.5
Portugal,0,149,0%,45.5
Nepal,0,139,0%,44.91
Barbados,0,131,0%,46.5
Iran,0,127,0%,41.88
Uruguay,0,125,0%,47.02
New Zealand,0,123,0%,37.64
Belgium,0,122,0%,37.7
Jordan,0,116,0%,45.93
Czechia,0,114,0%,42.65
Hungary,0,102,0%,47.6
Cyprus,0,93,0%,43.38
Latvia,0,91,0%,51.86
Moldova,0,89,0%,48.52
Norway,0,88,0%,45.33
Austria,0,84,0%,45.63
Hong Kong,0,76,0%,21.92
Finland,0,73,0%,46.15
Azerbaijan,0,73,0%,46.82
Georgia,0,73,0%,49.53
Ethiopia,0,71,0%,40.89
Bahamas,0,71,0%,41.61
Costa Rica,0,69,0%,43.57
Panama,0,64,0%,48.39
Honduras,0,63,0%,41.78
Oman,0,62,0%,47.55
Puerto Rico,0,58,0%,37.36
Myanmar (Burma),0,56,0%,38.88
Denmark,0,56,0%,40.73
Kuwait,0,54,0%,48.87
Guatemala,0,53,0%,40.11
Sri Lanka,0,52,0%,47.46
Bahrain,0,51,0%,47.96
El Salvador,0,50,0%,36.56
Ghana,0,49,0%,35.43
Croatia,0,47,0%,41.81
Kyrgyzstan,0,47,0%,50.7
Seychelles,0,46,0%,51.04
Cambodia,0,44,0%,36.11
Armenia,0,44,0%,46.91
Lebanon,0,42,0%,48.17
Guyana,0,40,0%,52.73
Nicaragua,0,38,0%,39.08
Palestine,0,32,0%,41.91
Slovenia,0,30,0%,36.27
Côte d’Ivoire,0,30,0%,44.13
Estonia,0,29,0%,18.38
Syria,0,29,0%,44.86
Macedonia,0,29,0%,45.66
China,0,28,0%,38.5
Angola,0,27,0%,45.81
Belize,0,24,0%,39.38
Mongolia,0,24,0%,45.21
Tanzania,0,23,0%,46.17
Bermuda,0,19,0%,38.47
Mauritius,0,19,0%,48.21
Libya,0,18,0%,37.44
St. Lucia,0,17,0%,44.24
Malta,0,16,0%,34.69
Congo - Brazzaville,0,15,0%,58.93
Zambia,0,14,0%,29.79
Namibia,0,13,0%,21.15
Grenada,0,13,0%,49.15
Mozambique,0,12,0%,34.75
Gabon,0,12,0%,54.58
St. Kitts & Nevis,0,11,0%,65.45
St. Vincent & Grenadines,0,10,0%,48.2
Guam,0,9,0%,18.22
Antigua & Barbuda,0,9,0%,31.44
Macau,0,9,0%,39
Zimbabwe,0,9,0%,43.89
Maldives,0,9,0%,47.44
Burkina Faso,0,9,0%,49.67
Yemen,0,9,0%,51.78
Madagascar,0,9,0%,54.89
Congo - Kinshasa,0,9,0%,56.33
Cape Verde,0,9,0%,56.33
Haiti,0,8,0%,34.5
Luxembourg,0,8,0%,37.62
Brunei,0,8,0%,49.75
Gambia,0,7,0%,25.71
Suriname,0,7,0%,35.43
British Virgin Islands,0,7,0%,36.43
Somalia,0,7,0%,36.86
Benin,0,7,0%,38
Isle of Man,0,7,0%,43.86
Rwanda,0,7,0%,45.14
Fiji,0,7,0%,48.29
Sierra Leone,0,6,0%,22.5
U.S. Virgin Islands,0,6,0%,32.17
Mali,0,6,0%,42
Réunion,0,6,0%,52.67
Sint Maarten,0,6,0%,54.17
Kosovo,0,5,0%,41.8
Western Sahara,0,4,0%,45.5
Aruba,0,4,0%,53
Andorra,0,4,0%,56.25
Papua New Guinea,0,3,0%,15
Iceland,0,3,0%,22.67
Cuba,0,3,0%,23.67
Afghanistan,0,3,0%,36.33
Dominica,0,3,0%,42.67
Tajikistan,0,3,0%,43.33
Cameroon,0,3,0%,45.33
Swaziland,0,3,0%,57.33
Turks & Caicos Islands,0,3,0%,58.33
Jersey,0,3,0%,60.67
Burundi,0,2,0%,9
Liberia,0,2,0%,17.5
Bhutan,0,2,0%,28.5
Guernsey,0,2,0%,38.5
Curaçao,0,2,0%,41
Anguilla,0,2,0%,65
Gibraltar,0,2,0%,97
Caribbean Netherlands,0,1,0%,1
Greenland,0,1,0%,1
St. Martin,0,1,0%,7
New Caledonia,0,1,0%,10
South Sudan,0,1,0%,10
Djibouti,0,1,0%,11
Liechtenstein,0,1,0%,17
Lesotho,0,1,0%,31
French Guiana,0,1,0%,34
Timor-Leste,0,1,0%,38
Mayotte,0,1,0%,40
Guadeloupe,0,1,0%,45
Equatorial Guinea,0,1,0%,48
Samoa,0,1,0%,85
St. Helena,0,1,0%,90
Mauritania,0,1,0%,91
Turkmenistan,0,1,0%,92