Top pages,Clicks,Impressions,CTR,Position
https://doorgrow.com/,386,3125,12.35%,18.55
https://doorgrow.com/doorgrow-live/,89,987,9.02%,8.4
https://doorgrow.com/pricing/,88,2222,3.96%,6.11
https://doorgrow.com/tenantturner-for-property-managers/,38,19702,0.19%,11.01
https://doorgrow.com/property-management-websites/,32,8820,0.36%,35.93
https://doorgrow.com/show/,25,908,2.75%,19.2
http://doorgrow.com/,24,1015,2.36%,14.56
https://doorgrow.com/the-ultimate-guide-to-property-management-offer-letters/,19,3000,0.63%,26.36
https://doorgrow.com/frbo-scripts/,15,1651,0.91%,18.74
https://doorgrow.com/property-management-pricing-sheet/,14,557,2.51%,12.58
https://doorgrow.com/seedsites/,14,506,2.77%,5.52
https://doorgrow.com/dgs-65-the-narpm-standard-of-accounting-with-brad-larsen/,11,295,3.73%,16.17
https://doorgrow.com/can-a-real-estate-agent-be-a-property-manager/,10,2082,0.48%,27.27
https://doorgrow.com/case-studies/,10,1060,0.94%,13.13
https://doorgrow.com/events/,10,868,1.15%,3.65
https://doorgrow.com/property-management-leads/,9,7289,0.12%,37.87
https://doorgrow.com/doorgrow-super-system/,9,1382,0.65%,2.29
https://doorgrow.com/about/,7,1667,0.42%,2.22
https://doorgrow.com/dgs-170-what-property-managers-at-400-600-doors-need-to-know/,6,309,1.94%,10.27
https://doorgrow.com/sales-training-live-event/,6,70,8.57%,3.56
https://doorgrow.com/6-affordable-property-management-marketing-strategies/,5,9520,0.05%,46.88
https://doorgrow.com/property-management-franchise-alternative/,5,2784,0.18%,54.84
https://doorgrow.com/the-ultimate-new-landlord-checklist/,5,1642,0.3%,42.24
https://doorgrow.com/dgs-252-ai-in-property-management-maintenance-coordination/,5,778,0.64%,22.65
https://doorgrow.com/dgs-17-cold-calling-frbos-for-property-managers/,5,497,1.01%,33.35
https://doorgrow.com/jobs/,5,284,1.76%,14.83
https://doorgrow.com/dgs-194-meet-the-doorgrow-team-whats-coming-in-2023-for-property-management-growth/,5,149,3.36%,8.89
https://doorgrow.com/software-bundle/,5,134,3.73%,5.01
https://doorgrow.com/software-bundle/doorgrow-flow/,5,126,3.97%,10.1
https://doorgrow.com/add-more-property-management-doors/,5,107,4.67%,8.37
https://doorgrow.com/doorgrow-crm/,5,106,4.72%,49.58
https://doorgrow.com/wp-content/uploads/2025/04/Pricing-Sheet-Template.pdf,5,61,8.2%,4.26
https://doorgrow.com/property-management-consulting/,4,9194,0.04%,29.86
https://doorgrow.com/property-management-pay-per-click-ppc/,4,5737,0.07%,52.99
https://doorgrow.com/how-do-i-advertise-myself-as-a-property-manager/,4,2714,0.15%,57.05
https://doorgrow.com/how-to-drive-profits-with-a-resident-benefits-package/,4,615,0.65%,33.27
https://doorgrow.com/how-to-eliminate-bad-property-management-reviews/,4,526,0.76%,50.49
https://doorgrow.com/dgs-198-a-simple-solution-to-eliminate-landlord-paid-water-utilities-in-your-property-management-business-with-kal-mcdonough/,4,506,0.79%,45.21
https://doorgrow.com/dgs-141-what-should-i-pay-a-property-management-bdm-how-to-onboard-them/,4,415,0.96%,22.65
https://doorgrow.com/category/podcast/,4,281,1.42%,9.45
https://doorgrow.com/property-management-websites-old/portfolio/,4,115,3.48%,16.35
https://doorgrow.com/pricing/website-pricing/,4,113,3.54%,15.72
https://doorgrow.com/property-management-operations/,4,96,4.17%,6.06
https://doorgrow.com/hiring/,4,26,15.38%,6.31
https://doorgrow.com/property-management-local-seo/,3,5704,0.05%,84.01
https://doorgrow.com/dgs-262-how-to-make-high-status-friends-and-attend-vip-events/,3,1182,0.25%,18.56
https://doorgrow.com/dgs-284-leveraging-virtual-assistants-for-lead-generation-and-growth/,3,1039,0.29%,52.14
https://doorgrow.com/dgs-42-a-better-way-to-manage-your-customers-pets/,3,499,0.6%,23.12
https://doorgrow.com/dgs-38-offloading-property-management-inspections-with-onsight-pros/,3,432,0.69%,17.63
https://doorgrow.com/dgs-183-how-to-add-doors-using-the-neighbor-strategy-for-property-managers/,3,170,1.76%,19.01
https://doorgrow.com/seed-start/,3,159,1.89%,7.48
https://doorgrow.com/dgs-202-the-importance-of-humor-in-your-property-management-business/,3,152,1.97%,22.97
https://doorgrow.com/dgs-157-phone-systems-protecting-your-sacred-cell-phone-number-as-a-property-manager/,3,145,2.07%,31.39
https://doorgrow.com/dgs-294-from-rent-collector-to-asset-manager/,3,104,2.88%,18.5
https://doorgrow.com/dgs-217-getting-investor-referrals-in-property-management/,3,77,3.9%,12.27
https://doorgrow.com/software-bundle/doorgrow-os-strategic-planning-system-for-property-managers/,3,49,6.12%,19.51
https://doorgrow.com/club/,3,10,30%,15.1
https://doorgrow.com/property-management-crm/,2,5850,0.03%,45.93
https://doorgrow.com/property-management-seo/,2,4120,0.05%,61.88
https://doorgrow.com/5-unique-property-management-marketing-ideas-for-2025/,2,2782,0.07%,36.09
https://doorgrow.com/property-management-logo-design/,2,2602,0.08%,34.14
https://doorgrow.com/category/property-management-leads/,2,1393,0.14%,64.68
https://doorgrow.com/coaching/,2,670,0.3%,16.24
https://doorgrow.com/dgs-52-the-entrepreneurial-personality-type-with-alex-charfen/,2,667,0.3%,25.05
https://doorgrow.com/dgs-218-doubling-profit-per-door-with-a-resident-benefits-package-with-andrew-smallwood/,2,497,0.4%,18.25
https://doorgrow.com/dgs-220-cold-vs-warm-leads-in-property-management/,2,460,0.43%,63.75
https://doorgrow.com/property-management-websites/design-process/,2,357,0.56%,66.43
https://doorgrow.com/property-management-pricing-strategy-target-3-types-of-buyers/,2,331,0.6%,34.04
https://doorgrow.com/dgs-2-buildiums-2015-state-property-management-report-part-1/,2,311,0.64%,53.64
https://doorgrow.com/dgs-184-real-estate-with-intelligence-the-secret-to-chambers-theorys-success-in-property-management-with-tommy-chambers/,2,283,0.71%,20.91
https://doorgrow.com/dgs-208-how-to-deal-with-bad-property-management-clients/,2,232,0.86%,45.56
https://doorgrow.com/dgs-137-implement-leasing-automation-in-your-property-management-business-with-showmojo/,2,210,0.95%,45.74
https://doorgrow.com/dgs-15-ez-repair-hotline-with-andy-shinn/,2,199,1.01%,34.6
https://doorgrow.com/4-steps-to-escape-the-cycle-of-suck-plaguing-property-managers/,2,174,1.15%,34.17
https://doorgrow.com/growth-accelerator/,2,164,1.22%,37.48
https://doorgrow.com/dgs-267-3-things-to-increase-your-close-rate-in-property-management/,2,156,1.28%,28.78
https://doorgrow.com/stand-out-property-management-competition/,2,114,1.75%,12.79
https://doorgrow.com/dgs-209-insight-on-multifamily-market-oversupply-with-john-carlson/,2,107,1.87%,29.41
https://doorgrow.com/dgs-256-mindset-hack-you-dont-have-a-property-management-business/,2,97,2.06%,35.87
https://doorgrow.com/dgs-48-why-psychology-is-linked-to-success-with-preston-brown/,2,94,2.13%,35.27
https://doorgrow.com/support/,2,38,5.26%,5
https://doorgrow.com/how-do-i-get-more-property-management-leads/,2,33,6.06%,14.18
https://doorgrow.com/software-bundle/doorgrow-hiring/,2,17,11.76%,10.24
https://doorgrow.com/glassdoor/,2,14,14.29%,21.79
https://doorgrow.com/reputation-management/,2,11,18.18%,3.55
https://doorgrow.com/how-to-generate-property-management-chat-leads/,2,8,25%,6.5
https://doorgrow.com/property-management-ads-worth-it/,2,8,25%,19.75
https://doorgrow.com/how-to-get-property-management-clients-quickly/,1,2826,0.04%,34.69
https://doorgrow.com/how-to-grow-a-property-management-business-in-2024/,1,1341,0.07%,51.85
https://doorgrow.com/dgs-221-how-to-get-the-best-leads-for-property-management/,1,1320,0.08%,49.05
https://doorgrow.com/dgs-121-property-management-seo-tips-part-2/,1,1276,0.08%,62.64
https://doorgrow.com/dgs-120-property-management-seo-tips-part-1/,1,987,0.1%,76.9
https://doorgrow.com/should-i-use-a-property-management-website-builder/,1,656,0.15%,42.31
https://doorgrow.com/how-to-increase-revenue-for-property-management-companies/,1,611,0.16%,63.35
https://doorgrow.com/mastermind/,1,555,0.18%,31.23
https://doorgrow.com/dgs-113-land-investing-for-passive-income-with-mark-podolsky/,1,538,0.19%,36.13
https://doorgrow.com/dgs-274-list-smarter-lease-faster-with-rentfinder-ai/,1,481,0.21%,31.15
https://doorgrow.com/dgs-69-hiresmart-virtual-assistants-with-anne-lackey/,1,434,0.23%,29.02
https://doorgrow.com/property-management-maintenance-automation-property-meld/,1,427,0.23%,49.74
https://doorgrow.com/dgs-290-ai-in-property-management/,1,376,0.27%,10.04
https://doorgrow.com/qualify-rental-leads/,1,373,0.27%,30.89
https://doorgrow.com/does-your-property-management-website-need-to-be-ada-compliant/,1,317,0.32%,31.63
https://doorgrow.com/dgs-174-property-management-software-the-ultimate-stack/,1,309,0.32%,43.03
https://doorgrow.com/dgs-258-new-property-management-clients-through-raving-referrals/,1,283,0.35%,20.44
https://doorgrow.com/dgs-73-mold-remediation-and-air-quality-with-james-armendariz-of-truenviro/,1,248,0.4%,67.81
https://doorgrow.com/dgs-189-how-to-profitably-add-pest-control-coverage-to-your-property-management-business-with-nick-drzayich-from-cover-pest/,1,243,0.41%,46.24
https://doorgrow.com/buildium-websites/,1,193,0.52%,38.56
https://doorgrow.com/dgs-163-attacking-the-myths-pure-startups-in-property-management-believe/,1,187,0.53%,49.1
https://doorgrow.com/dgs-94-lead-gen-and-growth-with-robin-reed-of-concept-360-property-management/,1,184,0.54%,23.58
https://doorgrow.com/effective-property-management-web-design/,1,181,0.55%,49.34
https://doorgrow.com/contact/,1,166,0.6%,65.46
https://doorgrow.com/dgs-200-how-to-easily-automate-access-and-smart-home-technology-in-property-management-with-bobby-varghese/,1,154,0.65%,48.03
https://doorgrow.com/dgs-214-starting-a-property-management-business-the-right-way/,1,152,0.66%,35.53
https://doorgrow.com/dgs-23-tenant-liability-insurance-for-property-management/,1,150,0.67%,46.52
https://doorgrow.com/dgs-71-automate-giving-landlord-references-with-vitaliy-merkulov-of-renter-inc/,1,148,0.68%,37.68
https://doorgrow.com/dgs-53-inspect-properties-more-efficiently-with-mywalkthru/,1,145,0.69%,11.69
https://doorgrow.com/dgs-195-using-technology-to-increase-the-operating-margin-in-your-property-management-business-with-lindsay-liu/,1,144,0.69%,27.83
https://doorgrow.com/dgs-293-innovating-the-property-management-industry-whats-new-at-doorgrow/,1,143,0.7%,12.01
https://doorgrow.com/7-keys-to-effectively-brand-your-property-management-business/,1,137,0.73%,14.53
https://doorgrow.com/dgs-165-common-pitfalls-for-property-management-seekers-with-1-to-50-doors/,1,136,0.74%,15.78
https://doorgrow.com/dgs-56-strategies-for-rapid-door-growth/,1,133,0.75%,21.2
https://doorgrow.com/dgs-289-close-more-deals-build-trust-sales-secrets-for-property-managers/,1,124,0.81%,26.72
https://doorgrow.com/ultimate-property-management-services-list/,1,123,0.81%,15.95
https://doorgrow.com/dgs-266-automated-workflows-in-property-management/,1,112,0.89%,34.91
https://doorgrow.com/dgs136-save-time-and-money-in-property-management-with-andrew-lebaron/,1,106,0.94%,27.03
https://doorgrow.com/wp-content/uploads/2025/04/New-Landlord-Checklist_v2.pdf,1,100,1%,91.29
https://doorgrow.com/dgs-86-utilizing-remote-assistants-with-gwenn-aspen/,1,99,1.01%,18.66
https://doorgrow.com/dgs-162-client-success-jon-sonia-schmitt-interview/,1,97,1.03%,41.16
https://doorgrow.com/the-profitability-playbook-advice-for-property-managers-struggling-financially/,1,97,1.03%,59.66
https://doorgrow.com/dgs-258-i-just-turned-47-business-and-life-update-with-jason-hull/,1,94,1.06%,13.62
https://doorgrow.com/dgs-279-user-friendly-maintenance-solution-for-property-managers-and-vendors-alike-with-walkthroo/,1,91,1.1%,23.26
https://doorgrow.com/dgs-108-reporting-rental-payments-to-credit-bureaus-with-credhub/,1,85,1.18%,23.54
https://doorgrow.com/dgs-103-growth-via-propertyware-with-inaas-arabi/,1,85,1.18%,33.18
https://doorgrow.com/property-management-blog/,1,83,1.2%,46.01
https://doorgrow.com/5secrets/,1,77,1.3%,7.83
https://doorgrow.com/dgs-207-why-you-need-a-community-as-a-property-management-entrepreneur/,1,77,1.3%,29.31
https://doorgrow.com/dgs-18-the-art-of-buying-selling-property-management-companies/,1,76,1.32%,23.45
https://doorgrow.com/dgs-212-revolutionizing-property-management-the-power-of-innovative-software-solutions/,1,71,1.41%,25.14
https://doorgrow.com/dgs-84-roof-app-with-tyler-hayes-and-joao-ritter/,1,71,1.41%,33.68
https://doorgrow.com/foundations/,1,70,1.43%,8.61
https://doorgrow.com/dgs-232-from-0-to-60-doors-in-a-difficult-market/,1,65,1.54%,16.55
https://doorgrow.com/dgs-91-profitability-before-more-doors-with-shawn-johnson-of-independence-capital-property-management/,1,64,1.56%,34.02
https://doorgrow.com/dgs-237-navigating-new-irs-regulations-mastering-year-end-tax-savings/,1,52,1.92%,54.06
https://doorgrow.com/rapid-revamp-program/,1,51,1.96%,17.08
https://doorgrow.com/clarity/,1,48,2.08%,6.04
https://doorgrow.com/property-managers-join-narpm-2016-president-bart-sturzl/,1,48,2.08%,21.06
https://doorgrow.com/dgs-147-the-cycle-of-suck-in-property-management-business/,1,47,2.13%,24.94
https://doorgrow.com/property-management-marketing/,1,47,2.13%,42.47
https://doorgrow.com/dgs-283-building-trust-and-closing-deals-with-video-testimonials/,1,45,2.22%,14.22
https://doorgrow.com/dgs-34-the-importance-of-culture-vision-in-your-property-management-business/,1,45,2.22%,22.29
https://doorgrow.com/dgs-288-wires-pipes-and-signals-everything-you-wish-you-knew-about-home-utilities/,1,44,2.27%,17.18
https://doorgrow.com/dgs-241-planning-and-discovery-for-property-management-business-growth/,1,43,2.33%,9.58
https://doorgrow.com/dgs-12-the-future-of-property-management-with-steve-murray/,1,43,2.33%,47
https://doorgrow.com/dgs-58-filtereasy-and-entrepreneurship/,1,42,2.38%,21.1
https://doorgrow.com/dgs-251-how-to-connect-with-agents-and-investors-to-get-more-deals/,1,41,2.44%,19.9
https://doorgrow.com/dgs-93-how-i-almost-quit-then-found-joy-in-property-management-with-annemarie-sunde-of-legacy-property-management-llc/,1,41,2.44%,52.34
https://doorgrow.com/how-to-avoid-property-manager-burnout/,1,37,2.7%,7.54
https://doorgrow.com/dgs-143-it-doesnt-have-to-be-crazy-in-your-property-management-business/,1,35,2.86%,17.94
https://doorgrow.com/1-way-to-stop-negative-property-management-reviews-eliminate-the-barrier-to-feedback/,1,33,3.03%,41.24
https://doorgrow.com/dgs-228-getting-ready-for-property-management-events-in-2024/,1,32,3.12%,11.41
https://doorgrow.com/dogs/,1,31,3.23%,49.29
https://doorgrow.com/interview/,1,29,3.45%,6.14
https://doorgrow.com/how-to-start-a-property-management-business/,1,27,3.7%,8.67
https://doorgrow.com/category/podcast/page/9/,1,27,3.7%,45.78
https://doorgrow.com/dgs-4-effective-rent-increases-property-management-tony-leblanc/,1,26,3.85%,13
https://doorgrow.com/the-secret-no-internet-marketing-firms-want-to-tell-you/,1,25,4%,27.04
https://doorgrow.com/category/property-management-marketing/,1,24,4.17%,14.67
https://doorgrow.com/dgs-191-being-comfortable-vs-winning-as-a-property-management-entrepreneur/,1,23,4.35%,26.96
https://doorgrow.com/job-application/,1,22,4.55%,15.91
https://doorgrow.com/property-management-sales/,1,22,4.55%,33.18
https://doorgrow.com/milliondollar/,1,21,4.76%,13.24
https://doorgrow.com/property-management-websites-old/features/,1,21,4.76%,18.71
https://doorgrow.com/dgs-185-the-doorgrow-rapid-revamp-program-for-transforming-your-property-management-business/,1,20,5%,13.1
https://doorgrow.com/free-website/,1,19,5.26%,6.89
https://doorgrow.com/coldleads/,1,19,5.26%,38.37
https://doorgrow.com/show/paged-3/6/,1,18,5.56%,20.78
https://doorgrow.com/dgs-192-the-framework-of-belief-in-property-management/,1,17,5.88%,6.82
https://doorgrow.com/announcing-the-doorgrowclub/,1,17,5.88%,14.18
https://doorgrow.com/dgs-248-what-is-a-property-manager/,1,15,6.67%,23
https://doorgrow.com/the-ultimate-guide-to-avoiding-bad-property-management-names/,1,13,7.69%,3.54
https://doorgrow.com/dgs-249-every-property-management-entrepreneur-needs-an-assistant/,1,12,8.33%,16.08
https://doorgrow.com/dgs-298-from-crisis-to-connection-building-your-dream-property-management-business-and-team/,1,8,12.5%,19.75
https://doorgrow.com/dgs-75-bridging-the-gap-between-inside-and-outside-sales-with-jennifer-stoops-of-park-avenue-properties/,1,7,14.29%,12
https://doorgrow.com/propertyware-websites/,1,5,20%,25.2
https://doorgrow.com/tag/photos/,1,5,20%,43.2
https://doorgrow.com/wp-content/uploads/2025/04/Offer-Letter.pdf,1,3,33.33%,5
https://doorgrow.com/timestudyhelper/,1,1,100%,1
https://go.doorgrow.com/call-application,1,1,100%,2
https://doorgrow.com/dgs-27-inspect-cloud-inspection-software-for-property-managers/,0,3503,0%,66.68
https://doorgrow.com/how-to-value-a-property-management-company-to-buy-or-sell/,0,2057,0%,25.02
https://doorgrow.com/dgs-180-allowing-pets-vs-not-allowing-pets-in-property-management-with-logan-miller-of-ourpetpolicy/,0,1646,0%,43.21
https://doorgrow.com/dgs-26-rentec-direct-property-management-software-that-cares/,0,1491,0%,46.55
https://doorgrow.com/the-hidden-cost-of-tenant-turnover/,0,1383,0%,52.93
https://doorgrow.com/dgs104-virtual-tour-technologies-with-james-barrett-of-tenant-turner/,0,953,0%,63.45
https://doorgrow.com/dgs-61-improving-the-tenant-experience-with-bixby/,0,930,0%,77.58
https://doorgrow.com/dgs-10-automating-maintenance-in-property-management-with-property-meld/,0,825,0%,44.18
https://doorgrow.com/dgs-199-why-you-should-focus-on-profitability-in-your-property-management-business/,0,712,0%,43.96
https://doorgrow.com/dgs-62-property-management-accounting-with-taylor-hou/,0,599,0%,48.11
https://doorgrow.com/reduce-tenant-turnover/,0,554,0%,34.21
https://doorgrow.com/dgs-21-tenantcloud-the-future-of-property-management-software/,0,532,0%,52.97
https://doorgrow.com/how-to-get-branded-property-management-email/,0,500,0%,31.13
https://doorgrow.com/dgs-88-managing-tenants-more-effectively-with-dave-spooner-of-innago/,0,442,0%,47.4
https://doorgrow.com/dgs-45-automate-lead-management-with-james-barrett-and-calvin-davis-of-tenant-turner/,0,435,0%,69.44
https://doorgrow.com/dgs-64-self-showing-rentals-with-rently/,0,372,0%,67.22
https://doorgrow.com/dgs-116-automated-income-verification-in-the-property-management-industry-with-stephen-arifin/,0,341,0%,72.09
https://doorgrow.com/dgs-160-visionary-vs-operator-in-a-property-management-business/,0,316,0%,36.68
https://doorgrow.com/dgs-43-how-virtually-incredible-can-help-a-property-management-business-grow-with-todd-breen/,0,306,0%,8.83
https://doorgrow.com/property-management-websites-old/design-process/,0,305,0%,66.44
https://doorgrow.com/dgs-263-pm-software-to-collect-payments-advertise-properties-and-screen-potential-tenants/,0,281,0%,35.46
https://doorgrow.com/dgs-215-how-not-to-suck-at-property-management/,0,278,0%,20.15
https://doorgrow.com/dgs-280-rebranding-and-remotivating-a-property-management-business-and-business-owner-with-doorgrow-client-kelly-rafuse/,0,269,0%,28.35
https://doorgrow.com/dgs-205-the-importance-of-maintenance-analytics-in-your-property-management-business-with-ray-hespen/,0,264,0%,39.07
https://doorgrow.com/dgs-20-the-future-of-keyless-access-for-property-management/,0,259,0%,20.79
https://doorgrow.com/dgs-129-get-more-realtor-referrals-with-your-own-mobile-app/,0,255,0%,42.81
https://doorgrow.com/dgs-33-how-steve-rozenberg-grew-from-0-700-doors-in-4-years/,0,252,0%,29.04
https://doorgrow.com/mobile-home-investing-with-andrew-keel/,0,248,0%,39.69
https://doorgrow.com/how-to-build-a-property-management-marketing-plan/,0,243,0%,14.09
https://doorgrow.com/tenant-screening-101/,0,241,0%,18.22
https://doorgrow.com/dgs-196-how-ai-will-impact-property-management-in-the-future/,0,239,0%,78.25
https://doorgrow.com/dgs-261-how-to-escape-property-management-hell/,0,237,0%,25.31
https://doorgrow.com/dgs-39-property-management-outsourcing/,0,225,0%,42.28
https://doorgrow.com/dgs-167-why-solopreneur-property-managers-end-up-stuck-under-100-doors/,0,213,0%,27.93
https://doorgrow.com/dgs-80-automating-your-business-with-process-street-with-vinay-patankar/,0,209,0%,50.15
https://doorgrow.com/what-is-rentfinder/,0,197,0%,16.53
https://doorgrow.com/dgs-76-outsourcing-rules-for-small-medium-and-large-companies-with-todd-breen-of-virtuallyincredible/,0,196,0%,13.84
https://doorgrow.com/dgs-85-landlord-protection-insurance-with-david-holt-of-surevestor/,0,193,0%,31.32
https://doorgrow.com/dgs-82-real-estate-revolution-with-nat-kunes-of-appfolio/,0,191,0%,18.5
https://doorgrow.com/dgs-83-streamlining-property-management-with-hemlane/,0,190,0%,47.22
https://doorgrow.com/dgs-37-photo-wizardry-for-property-management-by-boxbrownie-com/,0,188,0%,66.29
https://doorgrow.com/dgs-213-scaling-up-your-leasing-process-during-busy-season-in-property-management/,0,182,0%,48.91
https://doorgrow.com/dgs-77-homes-not-houses-with-chris-litster-of-buildium/,0,181,0%,49.73
https://doorgrow.com/dgs-119-the-ins-and-outs-of-cost-segregation/,0,177,0%,52.5
https://doorgrow.com/the-state-of-property-management/,0,175,0%,43.53
https://doorgrow.com/seven-property-management-automations-to-increase-roi/,0,160,0%,40.46
https://doorgrow.com/dgs-203-how-a-reserve-study-can-help-your-property-management-business-with-aaron-lombardo/,0,159,0%,15.53
https://doorgrow.com/dgs-164-how-to-supercharge-your-cashflow-with-short-term-rentals-with-alex-jarbo/,0,159,0%,39.24
https://doorgrow.com/dgs-131-property-management-growth-strategies-after-covid-19-with-mark-and-anne-lackey/,0,158,0%,46.35
https://doorgrow.com/dgs-235-small-business-big-impressions-mastering-customer-service-for-a-professional-edge/,0,151,0%,12.32
https://doorgrow.com/dgs-285-the-nervous-system-and-its-powerful-role-in-business-performance/,0,151,0%,15.83
https://doorgrow.com/dgs-286-embracing-change-from-big-ideas-to-lasting-impact/,0,151,0%,20.61
https://doorgrow.com/dgs-81-building-your-business-and-team-with-melissa-prandi-of-prandi-property-management/,0,146,0%,44.29
https://doorgrow.com/dgs-14-hand-off-maintenance-coordination-to-property-meld/,0,144,0%,59.46
https://doorgrow.com/dgs-201-multifamily-insurance-and-risk-management-holistic-strategy-in-your-property-management-business-with-calvin-roberts/,0,143,0%,54.82
https://doorgrow.com/dgs-260-your-property-management-hire-doesnt-need-experience/,0,141,0%,6.3
https://doorgrow.com/property-management-blog/page/2/,0,140,0%,45
https://doorgrow.com/how-to-use-pet-screening-to-boost-your-property-management-income/,0,133,0%,11.97
https://doorgrow.com/dgs-110-7-options-to-fund-your-business-with-bruce-mack-of-platinum-trust-group/,0,130,0%,46.19
https://doorgrow.com/dgs-25-why-every-property-manager-should-implement-profit-first/,0,127,0%,37.89
https://doorgrow.com/dgs-139-you-are-the-prize-in-your-property-management-business-with-jason-hull/,0,123,0%,24.71
https://doorgrow.com/dgs-132-the-cashflow-and-chaos-of-managing-student-rental-properties-with-peter-tverdov/,0,121,0%,17.4
https://doorgrow.com/dgs-107-automating-and-screening-rental-leads-with-cliff-hayden-of-show-me-the-rental/,0,121,0%,38.81
https://doorgrow.com/dgs-50-hoarding-best-practices-for-property-management/,0,121,0%,41.36
https://doorgrow.com/dgs-127-using-a-virtual-assistant-to-scale-your-property-management-business-with-myoutdesk/,0,117,0%,33.88
https://doorgrow.com/dgs-97-innovative-financial-products-with-john-higgins-of-steady-marketplace/,0,114,0%,13.28
https://doorgrow.com/category/podcast/page/22/,0,109,0%,45.99
https://doorgrow.com/dgs-179-how-to-use-the-myers-briggs-personality-test/,0,108,0%,42.44
https://doorgrow.com/dgs-277-unlocking-team-potential-the-keys-to-engagement-resilience-and-high-performance/,0,107,0%,36.13
https://doorgrow.com/dgs-51-growth-strategies-with-andy-propst/,0,106,0%,14.9
https://doorgrow.com/dgs-149-13-common-mistakes-to-avoid-when-starting-a-property-management-business/,0,105,0%,37.58
https://doorgrow.com/dgs-247-property-management-bdm-bootcamp/,0,104,0%,26.52
https://doorgrow.com/how-to-scale-your-property-management-business/,0,101,0%,8.68
https://doorgrow.com/dgs-13-snapchat-for-property-management-entrepreneurs-with-salvatore-friscia/,0,95,0%,55.03
https://doorgrow.com/dgs-233-how-to-compensate-a-property-management-team/,0,92,0%,17.29
https://doorgrow.com/dgs-46-buy-it-rent-it-profit-with-bryan-chavis/,0,91,0%,32.55
https://doorgrow.com/dgs-9-increasing-fees-in-property-management-with-darren-hunter-part-3/,0,91,0%,37.9
https://doorgrow.com/dgs-281-whats-coming-next-in-2025-for-property-management-and-doorgrow/,0,88,0%,7.18
https://doorgrow.com/dgs-123-automating-accounting-functions-creating-capacity-in-the-workday-with-kyle-redding/,0,88,0%,17.45
https://doorgrow.com/dgs-114-everything-you-need-to-know-about-federal-criminal-reports-with-jason-waggoner/,0,86,0%,48.65
https://doorgrow.com/dgs-231-how-to-improve-your-maintenance-processes-at-no-cost-ever/,0,85,0%,16.13
https://doorgrow.com/dgs-126-streamline-inquiries-in-your-property-management-business-with-lethub/,0,83,0%,17.55
https://doorgrow.com/dgs-146-the-6-core-functions-of-business/,0,83,0%,25.11
https://doorgrow.com/dgs-148-the-3-dominos-to-knock-over-to-close-more-property-management-deals/,0,82,0%,36.04
https://doorgrow.com/dgs-182-when-potential-property-management-clients-choose-a-cheaper-competitor/,0,82,0%,50.41
https://doorgrow.com/dgs-98-new-paradigms-in-property-management-with-lisa-wise-of-nest-dc/,0,81,0%,34.81
https://homestead-florida.doorgrow.com/contact/,0,81,0%,86.77
https://doorgrow.com/dgs-244-doorgrow-live-2024-creating-opportunity-in-times-of-uncertainty/,0,80,0%,6.96
https://doorgrow.com/dgs-168-transitioning-property-management-entrepreneurs-between-100-200-doors/,0,77,0%,9.94
https://doorgrow.com/dgs-287-creating-property-management-in-person-events-and-conferences/,0,77,0%,19.35
https://doorgrow.com/dgs-128-navigating-the-cash-crunch-with-tim-francis/,0,77,0%,41.81
https://doorgrow.com/dgs-106-streamlining-business-operations-with-jo-anne-oliveri-of-ireviloution/,0,76,0%,20.03
https://doorgrow.com/dgs-101-take-confusion-out-of-property-management-with-the-proper-app/,0,73,0%,40.36
https://doorgrow.com/dgs-271-evolution-of-short-term-rental-platforms/,0,72,0%,25.26
https://doorgrow.com/dgs-204-property-management-and-real-estate-technology-in-2023-with-joe-edgar/,0,72,0%,29.93
https://doorgrow.com/dgs-96-freedom-of-time-and-money-through-better-business-practices-with-steve-welty-of-good-life-property-management/,0,72,0%,40.26
https://doorgrow.com/dgs-70-business-growth-with-benton-cotter-of-rentvest/,0,71,0%,24.31
https://doorgrow.com/dgs-115-how-to-be-successful-in-the-short-term-rental-market-with-rob-stephens/,0,71,0%,28.06
https://doorgrow.com/dgs-92-property-maintenance-with-liz-koser-of-keepe/,0,70,0%,23.36
https://doorgrow.com/dgs-95-5-characteristics-of-successful-property-management-companies-with-marc-cunningham/,0,70,0%,35
https://doorgrow.com/wp-content/uploads/2025/04/New-Landlord-Checklist.pdf,0,68,0%,65.96
https://doorgrow.com/dgs-169-the-most-common-problems-for-property-management-businesses-at-200-400-doors/,0,66,0%,16.68
https://doorgrow.com/dgs-229-habits-and-routines-to-grow-a-property-management-business/,0,65,0%,19.25
https://doorgrow.com/dgs-111-automation-to-increase-efficiency-with-showinghero/,0,65,0%,20.94
https://doorgrow.com/dgs-273-how-are-your-capital-raising-efforts-going-in-todays-market/,0,65,0%,27.38
https://doorgrow.com/dgs-190-drifting-vs-being-driven-towards-growth-in-property-management/,0,62,0%,16.39
https://doorgrow.com/dgs-446-scaling-property-management-starts-with-maintenance/,0,62,0%,22.4
https://doorgrow.com/funny-videos/,0,62,0%,34.55
https://doorgrow.com/dgs-100-jason-hull-on-the-cashflow-diary/,0,60,0%,42.08
https://doorgrow.com/dgs-67-growing-your-property-management-business-with-jordan-muela/,0,58,0%,20.43
https://doorgrow.com/dgs-269-learning-resilience-from-rescue-dogs-as-a-property-management-entrepreneur/,0,58,0%,30.78
https://doorgrow.com/dgs-133-reduce-overhead-costs-and-streamline-time-tracking-with-timeero/,0,57,0%,34.89
https://doorgrow.com/property-management-websites/portfolio/,0,56,0%,18.52
https://doorgrow.com/dgs-181-how-to-strategically-plan-your-day/,0,56,0%,33.77
https://doorgrow.com/examining-future-property-management-steve-murray-doorgrowshow/,0,56,0%,76.68
https://doorgrow.com/dgs-282-how-to-adapt-when-things-dont-go-as-planned/,0,55,0%,20.13
https://doorgrow.com/dgs-87-strategies-for-growth-into-multiple-markets-with-bryan-jenkins-and-jonathan-cook-of-ahi-properties/,0,54,0%,28.26
https://doorgrow.com/dgs-3-buildiums-2015-state-property-management-report-part-2/,0,54,0%,30.72
https://doorgrow.com/dgs-16-why-property-managers-should-join-narpm-with-bart-sturzl/,0,53,0%,16.21
https://doorgrow.com/events/boardroom/,0,53,0%,24.81
https://doorgrow.com/gamechanger/,0,52,0%,38.06
https://doorgrow.com/dgs-28-genius-speed-learning-with-jameson-brandon/,0,51,0%,34.59
https://doorgrow.com/dgs-154-doing-the-unscalable-is-what-scales-your-property-management-business/,0,51,0%,35.73
https://doorgrow.com/dgs-102-the-key-to-debunking-the-rent-roll-paradox-with-tony-leblanc/,0,51,0%,45.41
https://doorgrow.com/dgs-226-how-processes-and-culture-can-make-or-break-your-property-management-business/,0,50,0%,12.5
https://doorgrow.com/dgs-112-building-a-billion-dollar-business-with-pat-hiban/,0,50,0%,20.58
https://doorgrow.com/dgs-99-implementing-eos-traction-and-process-improvement-at-ez-repair-hotline-with-andy-shinn/,0,50,0%,25.62
https://doorgrow.com/dgs-44-take-the-stress-out-of-connecting-utilities-and-services/,0,50,0%,27.66
https://doorgrow.com/dgs-276-navigating-success-faith-real-estate-and-entrepreneurship/,0,50,0%,29.06
https://doorgrow.com/dgs-151-how-to-double-your-property-management-close-rate-without-a-bdm/,0,49,0%,25.43
https://doorgrow.com/dgs-135-the-power-of-technology-for-real-estate-professionals-with-bettercapital/,0,49,0%,28.59
https://doorgrow.com/dgs-130-productivity-while-working-from-home-with-thanh-pham/,0,47,0%,17.55
https://doorgrow.com/dgs-29-the-real-issue-is-deeper-than-your-property-management-pricing/,0,47,0%,23.51
https://doorgrow.com/dgs-145-are-you-ready-for-a-property-management-bdm/,0,47,0%,31.45
https://doorgrow.com/dgs-8-increasing-fees-in-property-management-with-darren-hunter-part-2/,0,46,0%,50.93
https://doorgrow.com/email-whitelisting/,0,46,0%,68.57
https://doorgrow.com/dgs-236-from-a-cargo-van-to-two-iconic-national-brands-serving-property-managers-and-residents/,0,45,0%,17.38
https://doorgrow.com/dgs-19-how-to-handle-property-management-clients-asking-for-discounts/,0,45,0%,25.87
https://doorgrow.com/dgs-54-home-automation-with-pointcentral/,0,44,0%,14.93
https://doorgrow.com/dgs-55-integrating-real-estate-and-property-management/,0,44,0%,18.34
https://doorgrow.com/2016-property-management-industry-trends-united-states/,0,44,0%,26.36
https://doorgrow.com/dgs-223-the-journey-with-doorgrow-jill-lyons-and-alex-platt/,0,42,0%,23.14
https://doorgrow.com/dgs-197-the-benefits-of-having-a-pitch-deck-for-your-property-management-business/,0,42,0%,23.36
https://doorgrow.com/alternatives-to-costly-property-management-advertising/,0,42,0%,42.79
https://doorgrow.com/dgs-206-process-mapping-your-property-management-business-with-greg-brooks/,0,41,0%,20.56
https://doorgrow.com/dgs-297-connecting-investors-in-the-usa-and-abroad-to-properties-and-property-managers/,0,41,0%,21.78
https://doorgrow.com/terms-of-use/,0,40,0%,12.03
https://doorgrow.com/dgs-166-the-importance-of-vacations/,0,39,0%,27.79
https://doorgrow.com/dgs-89-strategic-social-media-marketing-with-katie-lance-of-katie-lance-consulting/,0,38,0%,24.03
https://doorgrow.com/dgs-57-systems-and-processes-to-support-rapid-growth/,0,38,0%,24.58
https://doorgrow.com/dgs-153-my-multi-million-dollar-mistake-what-i-learned/,0,38,0%,29.37
https://doorgrow.com/dgs-264-how-a-mindset-shift-can-impact-your-property-management-business/,0,38,0%,32.84
https://doorgrow.com/tag/management/page/6/,0,38,0%,67.87
https://doorgrow.com/dgs-296-behind-the-scenes-look-at-our-current-sales-strategy-for-property-managers/,0,37,0%,14.32
https://doorgrow.com/dgs-22-from-60-to-300-doors-in-6-months-using-the-seed-package/,0,37,0%,26.03
https://doorgrow.com/dgs-7-increasing-fees-in-property-management-with-darren-hunter-part-1/,0,37,0%,31.43
https://doorgrow.com/dgs-173-learning-at-800-1200-doors-the-savvy-property-management-entrepreneur/,0,37,0%,32.51
https://doorgrow.com/dgs-152-dealing-with-uncomfortable-conversations-in-property-management-the-secret-code-to-powerful-communication/,0,36,0%,14.39
https://doorgrow.com/dgs-49-provide-value-to-your-clients-with-filtereasy/,0,36,0%,29.67
https://doorgrow.com/dgs-47-using-technology-to-digitally-verify-your-applicants-with-robert-hsu/,0,35,0%,10.83
https://doorgrow.com/dgs-109-scaling-operations-for-property-managers-with-tallyfy/,0,35,0%,41.83
https://doorgrow.com/rebrand-a-property-management-business/,0,34,0%,7
https://doorgrow.com/reduce-property-management-turnover/,0,33,0%,9.09
https://doorgrow.com/category/podcast/page/2/,0,33,0%,17.21
https://doorgrow.com/dgs-257-the-6-leaks-in-your-property-management-sales-pipeline/,0,33,0%,31.7
https://doorgrow.com/dgs-193-the-renter-experience-in-property-management-with-ben-doherty/,0,33,0%,43.79
https://doorgrow.com/should-i-use-a-property-management-website-template/,0,32,0%,12.03
https://doorgrow.com/dgs-234-starting-your-year-in-property-management-off-right-with-strategic-planning/,0,32,0%,15.06
https://doorgrow.com/dgs-138-four-reasons-for-starting-a-business-by-jason-hull/,0,32,0%,42.44
https://doorgrow.com/dgs-105-vip-paradigm-vision-infrastructure-and-process-with-mark-dolfini-of-landlord-coach/,0,31,0%,11.35
https://doorgrow.com/dgs-230-elevating-the-owner-experience-in-property-management/,0,31,0%,18.48
https://doorgrow.com/how-to-increase-property-management-profits-in-2024/,0,30,0%,6.13
https://doorgrow.com/dgs-78-automating-property-showings-with-michael-sanz-of-neesh-property/,0,30,0%,15.97
https://doorgrow.com/dgs-90-generating-leads-with-ben-atkin-from-doorsup/,0,30,0%,19.2
https://doorgrow.com/property-management-websites/features/,0,30,0%,21.2
https://doorgrow.com/dgs-59-scaling-maintenance-in-a-property-management-business/,0,30,0%,27.43
https://doorgrow.com/dgs-254-unlock-your-portfolio-potential-non-qm-strategies-for-real-estate-investors/,0,30,0%,37.87
https://doorgrow.com/dgs-66-predicting-your-rentals-profitability-with-rentfax/,0,29,0%,21.48
https://doorgrow.com/doorgrowshow-property-management-podcast/,0,29,0%,28.48
https://doorgrow.com/dgs-216-the-property-management-declaration-of-independence/,0,29,0%,73.48
https://doorgrow.com/dgs-268-humility-and-hospitality-as-an-entrepreneur/,0,29,0%,76.83
https://doorgrow.com/dgs-272-the-3-systems-you-need-in-your-property-management-business/,0,28,0%,7.5
https://doorgrow.com/dgs-117-brand-standards-and-rising-expectations-in-the-market/,0,28,0%,18.68
https://doorgrow.com/dgs-72-insurance-buying-in-2019-understanding-your-options-with-vicky-methven/,0,28,0%,56.32
https://doorgrow.com/dgs-41-systems-and-processes-to-scale-to-2000-doors/,0,27,0%,12.81
https://doorgrow.com/dgs-228-having-the-right-mindset-and-achieving-greatness-in-property-management/,0,27,0%,16.19
https://doorgrow.com/dgs-63-bdm-growth-and-marketing-strategies-with-kasey-mcdonald/,0,27,0%,16.81
https://doorgrow.com/dgs-150-the-5-currencies-for-property-management-entrepreneurs/,0,27,0%,40.15
https://doorgrow.com/dgs-74-cultivating-relationships-in-business-with-patty-young-of-pearson-smith-realty/,0,27,0%,42.81
https://doorgrow.com/website-only-projects/,0,26,0%,3.62
https://doorgrow.com/dgs-68-self-storage-management-with-paul-moore/,0,26,0%,29
https://doorgrow.com/dgs-31-why-your-property-management-business-needs-a-mobile-app/,0,25,0%,7.8
https://doorgrow.com/dgs-211-partnership-launch-of-doorgrow-x-rocket-station-with-greg-brooks/,0,25,0%,34.24
https://doorgrow.com/dgs-118-investing-in-the-united-states/,0,25,0%,35.8
https://doorgrow.com/what-is-property-management-software/,0,23,0%,8.48
https://doorgrow.com/oldapply/,0,23,0%,13.74
https://doorgrow.com/dgs-171-client-interview-with-brannon-potts/,0,23,0%,15.52
https://doorgrow.com/questionnaire/,0,22,0%,5.95
https://doorgrow.com/category/podcast/page/7/,0,22,0%,7.14
https://doorgrow.com/dgs-291-how-to-guarantee-failure-for-your-property-management-team/,0,22,0%,9.68
https://doorgrow.com/dgs-1-property-management-coaching-results-john-westrom/,0,22,0%,16.41
https://doorgrow.com/dgs-253-having-the-right-priorities-in-your-property-management-business/,0,22,0%,26
https://doorgrow.com/dgs-186-playing-the-game-when-growing-your-property-management-business/,0,22,0%,28.91
https://doorgrow.com/dgs-6-foreclosure-auction-prospecting-property-management-kass-rose-part-2/,0,22,0%,29.18
https://doorgrow.com/dgs-172-creating-leverage-at-600-800-doors-in-your-property-management-business/,0,22,0%,50
https://doorgrow.com/dgs-11-smart-drugs-with-jameson-brandon/,0,22,0%,59.09
https://doorgrow.com/newlanding/,0,21,0%,7.76
https://doorgrow.com/dgs-161-jasons-daughter-madi-provides-an-inside-look-into-doorgrow-jason/,0,21,0%,7.86
http://doorgrow.com/293,0,21,0%,11.67
https://doorgrow.com/dgs-175-how-property-managers-can-lower-stress-increase-productivity-through-biohacking/,0,21,0%,11.86
https://doorgrow.com/dgs-240-wearing-too-many-hats-in-property-management/,0,21,0%,13.67
https://doorgrow.com/privacy-policy/,0,21,0%,14.24
https://doorgrow.com/ahmad-zein-gives-tips-for-realtors-looking-to-get-into-property-management/,0,20,0%,8.6
https://doorgrow.com/dgs-159-building-the-ultimate-property-management-team/,0,20,0%,13.35
https://doorgrow.com/dgs-265-the-recent-economic-shifts-and-property-management/,0,19,0%,12.21
https://doorgrow.com/tag/doorgrowshow/,0,19,0%,13.84
https://doorgrow.com/how-to-pivot-from-real-estate-sales-to-property-management/,0,19,0%,14.58
https://doorgrow.com/dgs-32-help-investors-get-additional-rental-properties-without-involving-banks/,0,19,0%,22.37
https://doorgrow.com/category/property-management-tools/,0,19,0%,28.68
https://doorgrow.com/how-to-be-the-best-property-manager-in-your-market/,0,19,0%,50.32
https://doorgrow.com/increasing-fees-property-management-darren-hunter-doorgrowshow/,0,19,0%,62.26
https://doorgrow.com/dgs-188-eliminating-the-biggest-time-suck-in-property-management-sales/,0,19,0%,67.95
https://doorgrow.com/7-reasons-not-to-invest-in-property-management-coaching-programs/,0,18,0%,6.06
https://doorgrow.com/dgs-285-adding-pest-control-to-your-resident-benefit-package/,0,18,0%,10.17
https://doorgrow.com/dgs-60-real-estate-investing-as-a-property-manager/,0,18,0%,12.28
https://doorgrow.com/dgs-255-coming-back-from-doorgrow-live-the-ultimate-event-for-property-managers/,0,18,0%,18.5
https://doorgrow.com/dgs-40-level-up-your-property-management-business-by-hiring-a-great-assistant/,0,17,0%,9.88
https://doorgrow.com/schedule/,0,17,0%,10.94
https://doorgrow.com/dgs-122-creating-systems-in-your-property-management-business-with-paul-kankowski/,0,17,0%,13.29
https://doorgrow.com/dgs-144-3-magic-questions-to-close-more-property-management-deals/,0,17,0%,35.65
https://doorgrow.com/dgs-222-handling-stress-as-a-property-management-entrepreneur/,0,17,0%,57.53
https://doorgrow.com/is-the-doorgrow-property-management-mastermind-right-for-me/,0,16,0%,6.19
https://doorgrow.com/dgs-242-what-a-real-estate-market-downturn-means-for-property-management/,0,16,0%,8.75
https://doorgrow.com/dgs-140-how-to-attract-motivated-inspired-team-members-in-your-property-management-business/,0,16,0%,13.5
https://doorgrow.com/events/premium/,0,16,0%,15.69
https://doorgrow.com/dgl-faq-draft/,0,16,0%,19.88
https://doorgrow.com/dgs-176-9-reasons-you-might-not-need-a-property-manager/,0,16,0%,37.44
https://doorgrow.com/dgs-278-unlocking-team-potential-the-keys-to-engagement-resilience-and-high-performance/,0,16,0%,49.56
https://doorgrow.com/dgs-250-importance-of-relaxation-as-a-property-manager/,0,16,0%,50.19
https://doorgrow.com/show/paged-3/19/,0,16,0%,58.88
https://doorgrow.com/do-you-need-a-property-management-coach-or-consultant/,0,15,0%,5.87
https://doorgrow.com/is-your-property-management-company-underperforming/,0,15,0%,7.73
https://doorgrow.com/dgs-35-using-options-to-grow-your-property-management-firm/,0,15,0%,8.4
https://doorgrow.com/dgs-210-the-importance-of-operators-in-property-management/,0,15,0%,9.27
https://doorgrow.com/dgs-79-engage-investors-and-add-more-doors-with-investimate-with-don-ganguly-of-homeunion/,0,15,0%,10.47
https://doorgrow.com/dgs-270-relationships-and-owning-a-property-management-business/,0,15,0%,18.4
https://doorgrow.com/category/podcast/page/4/,0,15,0%,22.13
https://doorgrow.com/thank-you-book-call/,0,15,0%,22.13
https://doorgrow.com/show/paged-3/24/,0,15,0%,30.47
https://doorgrow.com/dgs-142-growing-your-rental-business-lowering-the-cost-of-vacations-with-rick-bennett/,0,15,0%,31.4
https://doorgrow.com/identify-eradicate-the-4-leaks-devastating-your-profit-margins/,0,14,0%,5.86
https://doorgrow.com/dgs-219-i-didnt-know-what-i-didnt-know-with-michael-sullivan/,0,14,0%,7.93
https://doorgrow.com/homepage-2/,0,14,0%,12.29
https://doorgrow.com/dgs-295-do-these-things-before-hiring-a-sales-setter-in-your-property-management-business/,0,14,0%,16.5
https://doorgrow.com/dgs-225-the-1-way-to-increase-productivity-and-profitability-in-property-management/,0,14,0%,16.57
https://doorgrow.com/dgs-36-dealing-with-natural-disasters-in-property-management/,0,14,0%,18
https://doorgrow.com/dgs-227-implementing-ideas-in-your-property-management-business-after-an-event/,0,14,0%,39.86
https://doorgrow.com/category/property-management-coaching/,0,13,0%,4.46
https://doorgrow.com/explode-your-pm-business-with-foreclosure-auction-prospecting/,0,13,0%,10.08
https://doorgrow.com/signs-you-need-to-update-your-property-management-website/,0,13,0%,12.31
https://doorgrow.com/dgs-125-premature-expansion-in-property-management-part-2/,0,13,0%,13.38
https://doorgrow.com/show/paged-3/25/,0,13,0%,17.54
https://doorgrow.com/dgs-177-what-to-do-when-you-dont-love-your-clients/,0,13,0%,18.69
https://doorgrow.com/how-to-build-your-property-management-business-from-scratch/,0,13,0%,24.31
https://doorgrow.com/scale-your-property-management-team-with-qualified-talent/,0,13,0%,30.62
https://doorgrow.com/misseddeals/,0,12,0%,26
https://doorgrow.com/dgs-239-managing-time-in-your-property-management-business/,0,12,0%,26.17
https://doorgrow.com/quiz/,0,12,0%,26.83
https://doorgrow.com/coaching-application/,0,11,0%,4.09
https://doorgrow.com/5-reasons-no-property-management-website-traffic/,0,11,0%,9.09
https://doorgrow.com/dgs-124-premature-expansion-in-property-management-part-1/,0,11,0%,13.27
https://doorgrow.com/property-management-content-marketing/,0,11,0%,13.73
https://doorgrow.com/temporary-develop-url/,0,11,0%,13.73
https://doorgrow.com/category/property-management-websites/,0,11,0%,14.55
https://doorgrow.com/dgs-224-why-property-management-business-owners-need-a-tribe/,0,11,0%,23.82
https://doorgrow.com/category/property-management-sales/,0,10,0%,5.5
http://doorgrow.com/289,0,10,0%,9.5
https://doorgrow.com/appfolio-websites/,0,10,0%,19.8
https://doorgrow.com/seed-program-application/,0,10,0%,21.7
https://homestead-florida.doorgrow.com/,0,10,0%,35.2
https://doorgrow.com/category/podcast/page/9/?is_otto_page_fetch=1,0,10,0%,58.3
http://doorgrow.com/296,0,9,0%,14.78
https://doorgrow.com/category/podcast/page/5/,0,9,0%,16.44
https://doorgrow.com/dgs-5-foreclosure-auction-prospecting-property-management-kass-rose-part-1/,0,9,0%,19.56
http://jobs.doorgrow.com/,0,9,0%,30.33
https://doorgrow.com/property-management-branding/,0,9,0%,30.44
https://doorgrow.com/hybridpricing/,0,8,0%,8.5
https://doorgrow.com/dgs-245-what-does-doorgrow-even-do/,0,8,0%,11.25
https://doorgrow.com/leads/,0,8,0%,12.38
https://doorgrow.com/dgs-243-transform-your-sleep-patterns-transform-your-life/,0,8,0%,22.38
https://doorgrow.com/property-management-blog/page/29/,0,8,0%,23.75
https://doorgrow.com/compare/,0,8,0%,28.88
https://doorgrow.com/tag/property/page/7/,0,8,0%,29.38
https://doorgrow.com/category/property-management-interviews/,0,8,0%,36.88
https://doorgrow.com/property-management-blog/page/30/,0,8,0%,42.88
https://doorgrow.com/property-management-blog/page/37/,0,8,0%,60.75
https://doorgrow.com/dgs-156-the-4-ds-to-revenue-in-your-property-management-business/,0,7,0%,11.43
https://doorgrow.com/why-you-need-a-property-management-operator/,0,7,0%,15
https://doorgrow.com/greatassistant/,0,7,0%,23.43
https://doorgrow.com/exposing-property-management-lies/,0,7,0%,24.71
https://doorgrow.com/category/podcast/page/12/,0,7,0%,41.29
https://doorgrow.com/property-management-blog/page/27/?is_otto_page_fetch=1,0,7,0%,65.57
https://doorgrow.com/tag/propertymanagementlandlordprotection/,0,7,0%,74.14
https://doorgrow.com/streamline-your-operations-with-a-property-management-planning-system/,0,6,0%,4.17
https://doorgrow.com/subscribe/,0,6,0%,16
https://doorgrow.com/dgs-24-protecting-properties-with-video-doorbells-from-ring/,0,6,0%,18.33
https://doorgrow.com/tag/rentroll/,0,6,0%,23.33
https://doorgrow.com/dgs-187-the-myth-of-not-having-enough-time-in-property-management/,0,6,0%,25.17
https://doorgrow.com/mikes-test/,0,6,0%,29.67
https://doorgrow.com/category/podcast/page/22/?is_otto_page_fetch=1,0,6,0%,36.83
https://doorgrow.com/tag/realtors/page/16/,0,6,0%,56.5
https://doorgrow.com/category/podcast/page/10/,0,6,0%,57.17
https://doorgrow.com/category/podcast/page/16/,0,5,0%,3.6
https://doorgrow.com/what-do-property-managers-do-and-should-you-be-one/,0,5,0%,7.6
https://doorgrow.com/category/property-management-interviews/page/2/,0,5,0%,8
https://doorgrow.com/category/podcast/page/6/,0,5,0%,8.4
https://doorgrow.com/show/paged-3/21/,0,5,0%,10
https://doorgrow.com/13-reasons-why-badass-property-management-entrepreneurs-get-coached/,0,5,0%,27.6
https://photos.doorgrow.com/,0,5,0%,28.4
https://doorgrow.com/category/podcast/page/18/,0,5,0%,68.4
https://doorgrow.com/events/retreat/,0,4,0%,2.25
https://doorgrow.com/dgs-155-how-property-managers-can-leave-a-voicemail-that-gets-people-to-call-you-back/,0,4,0%,2.75
https://doorgrow.com/live-event-behavioral-influences-sales-mike-michalowicz/,0,4,0%,4.75
https://doorgrow.com/dgs-30-behavioral-influences-in-sales-with-mike-michalowicz/,0,4,0%,5
https://doorgrow.com/seed-application/,0,4,0%,5.5
https://doorgrow.com/dgs-178-the-slowest-hardest-path-to-growth-in-your-property-management-business-do-it-yourself/,0,4,0%,6.25
https://doorgrow.com/property-management-blog/page/5/,0,4,0%,7
https://doorgrow.com/dgs-59-filtereasy-and-entrepreneurship/,0,4,0%,8.75
https://doorgrow.com/property-management-blog/page/3/,0,4,0%,15.25
https://doorgrow.com/category/podcast/page/5/?is_otto_page_fetch=1,0,4,0%,22
https://doorgrow.com/domain/,0,4,0%,25.75
https://doorgrow.com/show/paged-3/7/,0,4,0%,27.5
https://doorgrow.com/subscribed/,0,4,0%,27.5
https://doorgrow.com/tag/realtors/page/17/,0,4,0%,27.75
https://doorgrow.com/tag/propertymanagement/page/11/,0,4,0%,28.5
https://doorgrow.com/property-management-blog/page/38/,0,4,0%,39.5
https://doorgrow.com/tag/realestate/page/17/,0,4,0%,43.25
https://doorgrow.com/category/podcast/page/30/,0,4,0%,43.5
https://doorgrow.com/tag/propertymanagementappfolio/,0,3,0%,3.33
https://doorgrow.com/polarity-power-how-to/,0,3,0%,4.67
https://doorgrow.com/is-content-marketing-for-property-managers-worth-it-in-2024/,0,3,0%,5.33
https://doorgrow.com/9-keys-for-increasing-property-rent/,0,3,0%,6
https://doorgrow.com/submit-business-details/,0,3,0%,6
https://doorgrow.com/how-when-to-fire-bad-property-management-clients/,0,3,0%,6.33
https://doorgrow.com/tag/realestate/,0,3,0%,6.33
https://doorgrow.com/improve-your-online-property-management-presence/,0,3,0%,6.67
https://doorgrow.com/3-questions-every-property-management-website-needs-to-answer/,0,3,0%,7
https://doorgrow.com/category/podcast/page/19/,0,3,0%,7.33
https://doorgrow.com/property-management-blog/page/4/,0,3,0%,7.33
https://doorgrow.com/tag/seed/,0,3,0%,7.33
https://doorgrow.com/property-management-real-estate-should-you-do-both/,0,3,0%,7.67
https://doorgrow.com/coaching-landing/,0,3,0%,9
https://doorgrow.com/coaching-results-30-new-property-management-contracts-in-2-months/,0,3,0%,11.67
https://doorgrow.com/stop-the-leaks-to-grow-your-property-management-business/,0,3,0%,13.33
https://doorgrow.com/property-management-blog/page/14/?is_otto_page_fetch=1,0,3,0%,25
https://doorgrow.com/category/podcast/page/15/,0,3,0%,48.67
https://doorgrow.com/tag/profitabilitypropertymanagement/,0,3,0%,59
https://doorgrow.com/tag/realtors/page/7/,0,3,0%,66
https://doorgrow.com/tag/realtors/page/10/,0,3,0%,72
https://go.doorgrow.com/schedule-call,0,3,0%,78.67
https://doorgrow.com/tag/rental/page/2/,0,2,0%,2
https://doorgrow.com/we-want-to-solve-your-biggest-property-management-business-challenge/,0,2,0%,2.5
https://doorgrow.com/category/property-management-marketing/page/3/,0,2,0%,4
https://doorgrow.com/intro-to-blab-im-for-property-management-entrepreneurs/,0,2,0%,4
https://doorgrow.com/property-management-blog/page/36/,0,2,0%,4
https://help.doorgrow.com/knowledge-base/google-business-profile-access,0,2,0%,4.5
https://doorgrow.com/property-management-blog/page/22/,0,2,0%,5
https://help.doorgrow.com/knowledge-base/how-can-i-add-my-gatherkudos-signature-to-my-email,0,2,0%,6.5
https://doorgrow.com/category/podcast/page/25/,0,2,0%,7
https://doorgrow.com/tag/realestate/page/11/,0,2,0%,7
https://doorgrow.com/systems/,0,2,0%,7.5
https://doorgrow.com/tag/propertymanagement/page/15/,0,2,0%,7.5
https://doorgrow.com/myth/,0,2,0%,8
https://doorgrow.com/tag/property-management/,0,2,0%,9
https://help.doorgrow.com/knowledge-base/thunderlocal,0,2,0%,9.5
http://doorgrow.com/295,0,2,0%,10
https://help.doorgrow.com/knowledge-base/billing-payments,0,2,0%,10
https://doorgrow.com/category/podcast/page/21/,0,2,0%,13
https://doorgrow.com/category/podcast/page/20/?is_otto_page_fetch=1,0,2,0%,24.5
https://doorgrow.com/seedsetup/,0,2,0%,32
https://doorgrow.com/tag/property/page/4/,0,2,0%,32
https://doorgrow.com/category/podcast/page/15/?is_otto_page_fetch=1,0,2,0%,40
https://doorgrow.com/category/podcast/page/17/,0,2,0%,43
https://doorgrow.com/property-management-blog/page/35/,0,2,0%,45
https://doorgrow.com/using-smart-drugs-to-get-a-mental-edge-doorgrowshow/,0,2,0%,49
https://doorgrow.com/category/podcast/page/16/?is_otto_page_fetch=1,0,2,0%,59
https://homestead-florida.doorgrow.com/about/,0,2,0%,66
https://homestead-florida.doorgrow.com/account/,0,2,0%,81
https://homestead-florida.doorgrow.com/sitemap/,0,2,0%,84
https://doorgrow.com/tag/realtors/page/8/,0,2,0%,86
https://doorgrow.com/tag/realestate/page/13/,0,2,0%,89
https://doorgrow.com/tag/realestate/page/7/,0,2,0%,97.5
http://doorgrow.com/297,0,1,0%,1
https://doorgrow.com/hiring-copy/,0,1,0%,1
https://doorgrow.com/subscribe-thank-you/,0,1,0%,1
https://doorgrow.com/property-management-blog/page/21/,0,1,0%,2
https://doorgrow.com/tag/kpis/,0,1,0%,2
https://doorgrow.com/category/podcast/page/27/,0,1,0%,3
https://doorgrow.com/category/podcast/page/8/,0,1,0%,3
https://doorgrow.com/property-management-blog/page/8/,0,1,0%,3
https://doorgrow.com/tag/assistantsvaspropertymanagement/,0,1,0%,3
https://doorgrow.com/tag/package/,0,1,0%,3
https://doorgrow.com/tag/propertymanagement/page/3/,0,1,0%,3
https://doorgrow.com/tag/vasleasingpropertymanagement/,0,1,0%,3
https://doorgrow.com/property-management-blog/page/34/?is_otto_page_fetch=1,0,1,0%,4
https://doorgrow.com/property-management-blog/page/9/,0,1,0%,4
https://doorgrow.com/property-management-website-sucks-1-idea-can-transform-business/,0,1,0%,4
https://doorgrow.com/dgs-275-tough-love-hiring-in-your-property-management-business/,0,1,0%,5
https://doorgrow.com/tag/property/page/2/,0,1,0%,5
https://doorgrow.com/tag/selfshowing/,0,1,0%,5
https://doorgrow.com/tag/management/page/5/,0,1,0%,6
https://doorgrow.com/tag/marketing/,0,1,0%,6
https://doorgrow.com/tag/realtors/page/14/,0,1,0%,7
https://doorgrow.com/category/property-management-marketing/page/5/,0,1,0%,8
https://doorgrow.com/category/property-management-marketing/page/7/,0,1,0%,8
https://doorgrow.com/property-management-blog/page/11/,0,1,0%,8
https://doorgrow.com/property-management-blog/page/16/?is_otto_page_fetch=1,0,1,0%,8
https://doorgrow.com/tag/propertymanagement/page/9/,0,1,0%,8
https://doorgrow.com/why-every-real-estate-broker-should-start-a-property-management-business/,0,1,0%,8
https://doorgrow.com/category/property-management-marketing/page/2/,0,1,0%,9
https://doorgrow.com/property-management-blog/page/25/,0,1,0%,9
https://doorgrow.com/property-management-blog/page/7/,0,1,0%,9
https://doorgrow.com/tag/property/page/6/,0,1,0%,9
https://doorgrow.com/tag/walkthroughs/,0,1,0%,9
https://doorgrow.com/2016-rental-housing-demographics/,0,1,0%,10
https://doorgrow.com/category/podcast/page/20/,0,1,0%,10
https://doorgrow.com/category/podcast/page/23/,0,1,0%,10
https://doorgrow.com/property-management-blog/page/15/,0,1,0%,10
https://doorgrow.com/property-management-blog/page/17/,0,1,0%,10
https://doorgrow.com/property-management-blog/page/27/,0,1,0%,10
https://doorgrow.com/site-design-refreshes/,0,1,0%,10
https://doorgrow.com/tag/realestate/page/16/,0,1,0%,10
https://doorgrow.com/tag/estate/,0,1,0%,11
https://doorgrow.com/category/property-management-marketing/page/4/,0,1,0%,14
https://doorgrow.com/tag/tips/,0,1,0%,15
https://doorgrow.com/tag/realtors/page/4/,0,1,0%,19
https://doorgrow.com/property-management-blog/page/34/,0,1,0%,39
https://doorgrow.com/tag/propertymanagement/page/14/,0,1,0%,42
https://doorgrow.com/property-management-blog/page/31/,0,1,0%,44
https://doorgrow.com/tag/keyrenter/,0,1,0%,48
https://doorgrow.com/category/podcast/page/30/?is_otto_page_fetch=1,0,1,0%,53
https://doorgrow.com/property-management-blog/page/28/?is_otto_page_fetch=1,0,1,0%,55
https://doorgrow.com/tag/jason/,0,1,0%,57
https://doorgrow.com/tag/propertymanagementapartmentrentals/,0,1,0%,58
https://doorgrow.com/show/paged-3/23/,0,1,0%,73
https://doorgrow.com/tag/propertymanagement/page/2/,0,1,0%,87
https://doorgrow.com/property-management-blog/page/10/?is_otto_page_fetch=1,0,1,0%,94