Top queries,Clicks,Impressions,CTR,Position
doorgrow,288,632,45.57%,1.09
door grow,122,209,58.37%,1
doorgrow live,15,21,71.43%,1
tenant turner,10,9596,0.1%,8.78
tenantturner,3,2450,0.12%,7.51
what is tenant turner,2,230,0.87%,7.27
frbo scripts,2,135,1.48%,9.61
frbo script,2,124,1.61%,8.86
tenant turner rental requirements,2,76,2.63%,8.63
narpm accounting standards,2,25,8%,9.56
doorgrow reviews,2,6,33.33%,2.17
property management consultant,1,2064,0.05%,31.41
property management leads,1,2017,0.05%,30.3
property management consultants,1,1175,0.09%,30.98
website designers for property management,1,198,0.51%,69.89
tenant turner rentals,1,108,0.93%,13.06
can a realtor do property management,1,56,1.79%,8.8
can you be a property manager and a real estate agent,1,50,2%,12.3
resident benefits package,1,50,2%,40.26
door grow design,1,31,3.23%,6.35
true submeter reviews,1,25,4%,7.6
property management letters,1,24,4.17%,8.17
charfen.com,1,23,4.35%,71.48
narpm chart of accounts,1,21,4.76%,11.57
tenant turned,1,20,5%,8.95
tenant turner login,1,19,5.26%,10.42
property management jokes,1,15,6.67%,20.8
narpm standard chart of accounts,1,12,8.33%,7.58
second nature resident benefits package,1,9,11.11%,23.44
track.tenantturnermail,1,5,20%,2.4
standardized chart of accounts,1,1,100%,9
zumper,1,1,100%,21
property management marketing,0,3131,0%,42.58
property management seo,0,2916,0%,66.34
property management consulting,0,2086,0%,23.28
property management websites,0,1992,0%,60.44
property management consulting services,0,1693,0%,34.26
property management crm,0,1340,0%,35.93
local seo leads,0,1292,0%,88.84
 -site:usefind.ai what is the website of ourpetpolicy,0,1248,0%,47.1
property management crm software,0,978,0%,59.4
property management inspection software,0,974,0%,70.53
property manager consultant,0,960,0%,24.27
seo for property management,0,910,0%,71.69
property management marketing ideas,0,909,0%,32.96
property management lead generation,0,907,0%,52.84
property manager websites,0,904,0%,44.56
pay per click management,0,786,0%,86.89
ppc property management,0,766,0%,16.43
property management franchise,0,738,0%,57.37
property management web design,0,732,0%,51.08
property management marketing strategies,0,726,0%,39.11
property management website builder,0,721,0%,23.17
seo for property managers,0,706,0%,64.79
how to get property management leads,0,697,0%,30.98
marketing for property managers,0,690,0%,50.03
bixby property management,0,634,0%,90
how to get more property management clients,0,620,0%,31.94
how to grow a property management business,0,620,0%,39.74
property management ppc,0,595,0%,12.29
best property management website design,0,530,0%,16.93
how to find clients for property management company,0,515,0%,41.32
how to get property management clients,0,513,0%,30.13
tenant turnover,0,507,0%,56.09
property management company valuation,0,506,0%,22.7
crm management services,0,505,0%,55
property management crm systems,0,477,0%,37.21
how to generate property management leads,0,460,0%,24.54
property management growth,0,460,0%,75.34
property management ads,0,459,0%,51.69
property management marketing budget,0,459,0%,55.83
property management branding,0,453,0%,27.99
property management google ads,0,451,0%,69.44
property management advertising,0,427,0%,55.44
marketing strategies for property management companies,0,419,0%,42.67
prospecting for property management clients,0,418,0%,13.29
creative marketing ideas for property management,0,406,0%,11.93
grow property management,0,400,0%,46.24
best property management crm,0,393,0%,31.23
google ads property management,0,393,0%,69.71
property management logo,0,374,0%,33.61
advertising for property management,0,372,0%,50.6
property management growth strategies,0,366,0%,41.97
how to value a property management company,0,360,0%,20.31
property management consulting companies,0,360,0%,44.18
can a realtor be a property manager,0,357,0%,30.01
rentec,0,357,0%,42.12
marketing for property management companies,0,351,0%,52.63
crm software property management,0,341,0%,55.77
local search company,0,332,0%,90.93
how to improve seo on property management company,0,331,0%,75.43
property management website developers,0,326,0%,13.38
property manager and real estate agent,0,323,0%,82.62
property management franchises,0,318,0%,50.09
marketing for property management,0,302,0%,50.89
property management seo services,0,298,0%,55.08
local seo for property businesses,0,272,0%,71.64
best property management franchise,0,267,0%,39.93
inspection software for property managers,0,266,0%,86.92
property management case studies,0,260,0%,15.62
property management franchise opportunities,0,253,0%,62.65
franchise property management,0,247,0%,58.03
all property management leads,0,242,0%,24.37
seo companies for property management,0,242,0%,86.59
rental property inspection software,0,240,0%,82.56
landlord checklist,0,234,0%,37.14
property management logos,0,229,0%,28.87
rentfinder,0,227,0%,18.11
tenant turnover rate,0,223,0%,77.3
property management template letters,0,221,0%,8.57
property management logo design,0,218,0%,39.37
inspect and cloud,0,215,0%,9.84
property management profitability,0,214,0%,54.96
property management marketing to owners,0,213,0%,55.53
property management reputation management,0,213,0%,87.09
property management creative development,0,210,0%,10.01
texas real estate inspection software,0,210,0%,80.69
ppc management for real estate,0,207,0%,82.67
landlord checklist for new tenant,0,206,0%,40.95
property management consultation,0,205,0%,23.86
out of the box ideas for great customer service in property management,0,202,0%,14.62
leads for property management,0,200,0%,31.57
crm for property management,0,200,0%,34.94
new tenant checklist for landlords,0,200,0%,55.88
property inspection software,0,195,0%,67.05
first time landlord checklist,0,193,0%,40.42
property management website ideas,0,192,0%,84.05
property meld app,0,191,0%,33.66
ppc marketing for property managers,0,190,0%,9.23
property management ppc advertising,0,187,0%,19.06
maintenance coordination,0,187,0%,40.4
marketing in property management,0,187,0%,54.36
green home solutions mold remediation,0,187,0%,80.04
property management and consulting,0,186,0%,31.93
sample letter to property management company,0,183,0%,7.77
how to get more property management leads,0,183,0%,30.51
how to grow property management business,0,180,0%,31.76
how to create a property management website,0,180,0%,56.28
local seo round rock tx,0,180,0%,74.77
property management coaching,0,177,0%,4.77
local marketing property management,0,177,0%,29.39
property manger websites,0,176,0%,44.95
alex charfen panic attazc,0,175,0%,5.94
realtor inspection software,0,175,0%,83.72
selling a property management company,0,173,0%,44.78
track.tenantturner,0,172,0%,9
property management business valuation,0,172,0%,19.13
property management advertising ideas,0,170,0%,49.5
tenantcloud.com,0,169,0%,36.62
how to find property management clients,0,168,0%,42.55
property management profit margin,0,165,0%,37.21
best marketing strategies for property managers,0,162,0%,67.52
property management websites design,0,161,0%,46.96
property management search engine optimization,0,160,0%,67.08
social media marketing for property management,0,159,0%,74.67
web design for property management,0,158,0%,66.28
marketing ideas for property management,0,156,0%,42.78
tenant turner vs rently,0,152,0%,11.04
automated income verification,0,152,0%,92.06
property manager seo,0,151,0%,63.89
property management logo ideas,0,150,0%,25.69
property management seo company,0,150,0%,46.25
marketing ideas for property management companies,0,150,0%,72.87
property management coach,0,147,0%,6.73
property management marketing plan example,0,146,0%,13.3
property management advertisement,0,146,0%,64.42
crm management company,0,145,0%,78.02
can a real estate agent be a property manager,0,143,0%,14.67
rentecdirect.com,0,141,0%,51.6
youtube mastermind schulung,0,140,0%,79.48
click management pay per,0,139,0%,74.89
best property management marketing,0,138,0%,50.38
property management company seo,0,137,0%,79.77
maintenance analytics,0,136,0%,41.29
property management brand identity,0,135,0%,35.9
get more property management reviews,0,134,0%,46.41
property manager web design,0,134,0%,55.05
real estate ppc management,0,134,0%,86.9
crm property management software,0,133,0%,72.26
hiresmart,0,132,0%,47.63
tenant turner pricing,0,131,0%,31.94
property management company logo,0,129,0%,24.97
propertymeld.com,0,129,0%,68.34
real estate ppc keyword report,0,129,0%,85.81
tennant turner,0,128,0%,9.45
logos for property management companies,0,128,0%,25.34
warm leads vs cold leads,0,128,0%,83.56
ai and property management,0,128,0%,89.47
ourpetpolicy,0,127,0%,24.96
value and sell property management company,0,126,0%,18.56
property management notice templates,0,125,0%,49.04
mark podolsky,0,124,0%,35.66
innago.com,0,123,0%,47.15
onsight pros,0,122,0%,22.11
tenant turner reviews,0,122,0%,34.61
pay per click managers,0,122,0%,73.18
frbo leads,0,121,0%,11.45
how to get leads for property management,0,121,0%,29.42
steve rozenberg,0,121,0%,40.36
hoa management marketing,0,121,0%,89.34
how to get clients for property management,0,120,0%,32.6
property owners email addresses,0,119,0%,47.82
property management marketing automation,0,118,0%,70.89
how to get clients for a property management company,0,116,0%,33.69
tenantturner.com,0,116,0%,41.93
rently.com,0,116,0%,78.66
ppc management for property management,0,114,0%,13.96
tenant turner vs showmojo,0,114,0%,20.18
profit margin for property management business,0,114,0%,28.16
advertising property management business,0,114,0%,51.88
logo management,0,113,0%,37.1
cold lead advertising,0,113,0%,72.25
tenant turner agent link,0,112,0%,12.08
property manager inspection software,0,112,0%,82.3
tenant turner cost,0,111,0%,24.84
seo property management,0,111,0%,60.73
pm leads,0,109,0%,10.37
best ways to get property management leads,0,109,0%,11.49
hoa management seo,0,109,0%,84.26
inspect & cloud,0,108,0%,11.04
property management digital marketing,0,108,0%,92.23
atlanta frbo,0,107,0%,38.21
boxbrownie.com,0,106,0%,78.82
tenant turner application,0,105,0%,15.89
business branding for property management companies,0,105,0%,28.29
tenant turner appfolio,0,104,0%,14.74
virtual assistant for lead generation,0,104,0%,26.36
property management custom website design,0,104,0%,49.88
property management online presence,0,104,0%,77.18
are property management companies profitable,0,103,0%,54.88
home management podcast,0,102,0%,52.37
reduce tenant churn,0,102,0%,74.34
becoming a landlord checklist,0,101,0%,19.86
tenant turner software,0,101,0%,22.62
property management revenue growth,0,100,0%,37.8
property management marketing services,0,100,0%,52.18
tenant turner and buildium,0,99,0%,27.01
best website builder for property management,0,98,0%,26.72
property management crm tools,0,98,0%,48.13
direct property management software,0,97,0%,36.38
tenant turner lock boxes,0,97,0%,37.94
property mangament crm,0,97,0%,44.86
real estate ppc report,0,97,0%,91.38
tenant turner sign up,0,96,0%,16.04
dgs real estate llc,0,96,0%,49.41
appfolio bank reconciliation,0,96,0%,57.91
rentrange vs rentometer,0,96,0%,61.36
"professional property management customer management system cms website 
design",0,95,0%,34.57
rental leads,0,95,0%,34.78
tenant turner contact,0,95,0%,37.68
propertymanagementfranchise,0,95,0%,56.51
tenant turner self showing lock boxes,0,95,0%,66.91
marketing platform property management,0,95,0%,75.73
website accessibility for property managers,0,94,0%,8.67
turner tenant,0,94,0%,22.34
tenant turnover costs,0,94,0%,27.78
how to advertise property management services,0,94,0%,36.67
cloud property inspection software,0,94,0%,39.44
management logo design,0,94,0%,43.78
rental inspection software,0,94,0%,88.34
local search marketing services,0,94,0%,89.14
property management consultancy,0,93,0%,41.82
true submeter,0,92,0%,16.45
best property management franchises how much profits?,0,92,0%,62.32
property services ppc,0,92,0%,64.09
tenant turner suuport,0,91,0%,34.52
local search services,0,91,0%,93.41
tenant turner website,0,90,0%,22.13
management logo inspiration,0,90,0%,46.2
landlord new tenant checklist,0,90,0%,48.01
tenant turner self showing lockboxes,0,90,0%,66.59
property management proposal doc,0,90,0%,68.1
rentfinder-ai,0,89,0%,34.62
tenant turner support,0,89,0%,34.74
best way to advertise property management services,0,89,0%,41.38
landlord rental checklist,0,89,0%,44.44
how to find property management leads,0,88,0%,28.06
property management podcast series,0,88,0%,60.57
real estate lead gen virtual assistants,0,88,0%,73.31
property management email marketing to owners free templates,0,88,0%,81.83
marketing platform property managers,0,87,0%,68.4
real estate pay per click,0,87,0%,84.97
nat kunes appfolio,0,86,0%,10.57
tenant turner properties,0,86,0%,14.77
tenant turner.com/rentals,0,86,0%,31.47
management website design,0,86,0%,83.09
property managemet crm tools,0,85,0%,44.34
pay-per-click management sc,0,85,0%,50.64
tenent turner,0,84,0%,9.11
tenant turner com rentals,0,84,0%,36.45
does your portfolio website need to be ada compliant,0,84,0%,37.01
does your website need to be ada compliant portfolio website,0,84,0%,56.64
hiresmart virtual assistants,0,83,0%,23.08
property management proposal template free,0,83,0%,66.4
shady shores seo,0,83,0%,68.29
property management social media marketing,0,83,0%,77.12
frbo,0,81,0%,14.17
how to value a property management company for sale,0,81,0%,20.69
rental landlord checklist,0,81,0%,56.52
property management proposal sample,0,81,0%,83.91
passive income from land,0,80,0%,60.65
real estate lead gen virtual assistants​,0,80,0%,73.1
virtual assistant real estate lead generation,0,80,0%,76.92
grow local seo agency,0,80,0%,80.22
pest control owners networking with realtors,0,80,0%,81.26
property management growth crm,0,78,0%,6.68
tenant cloud property management software,0,78,0%,72.58
tenant turner self showing,0,77,0%,28.12
property management marketing materials,0,77,0%,49.25
marketing property management,0,77,0%,54.49
seo shady shores,0,77,0%,68.35
real estate pay per click advertising,0,77,0%,86.4
management promotion web studio printing house advice 2025,0,76,0%,3.97
best submetering solutions for property managers,0,76,0%,81.61
is tenant turner legit,0,75,0%,5.55
local seo derwood,0,75,0%,31.4
seedsite,0,74,0%,5.27
paid ads property management,0,74,0%,28.86
crm software for property management,0,74,0%,38.59
what is a turnover fee apartment,0,74,0%,58.55
property management revenue streams,0,74,0%,76.26
seo for property management companies,0,74,0%,85.8
doorloop phone number,0,74,0%,93.49
site:goldservice-governance.look4blog.com,0,72,0%,5.69
selling property management business,0,72,0%,47.51
property management lead management system,0,72,0%,59.72
paid ads for property management companies,0,72,0%,62.11
hoa property inspection software,0,72,0%,86.11
pay per lead property management,0,71,0%,35.83
maintenance request automation,0,71,0%,51.08
how does a platinum trust work,0,71,0%,62.06
water submetering reviews,0,71,0%,71.65
homestead property management,0,71,0%,83.51
property management social media post ideas,0,70,0%,61.93
property management social media campaigns,0,70,0%,78.19
property management inspection software web based,0,69,0%,83.2
tenantcloud vs. cozy,0,67,0%,49.24
process street google drive integrations,0,67,0%,69.13
3 types of buyers,0,66,0%,8.91
rent collection checklist,0,66,0%,49.68
landlord management crm,0,66,0%,78.23
pay-per-click management,0,66,0%,89.79
bad property management reviews,0,65,0%,19.02
reducing tenant turnover,0,65,0%,29
for rent by owner scripts,0,64,0%,5.41
reduce tenant turnover,0,64,0%,28.5
property management lead scheduling,0,64,0%,48.38
property management franchises opportunities,0,64,0%,54.97
local search management,0,64,0%,78.52
driving property manager nuts,0,63,0%,9.89
how to grow your property management business,0,63,0%,53.24
switching property management software,0,63,0%,70.63
how long does tenant turnover take,0,63,0%,80.94
how to expand property management company,0,63,0%,81.37
property management seo agency,0,63,0%,83.46
automating property management,0,62,0%,65.13
website design for property management,0,62,0%,78.47
property management digital advertising,0,62,0%,91.29
nat kunes,0,61,0%,20.03
sell a property management business,0,61,0%,32.16
tenant turnover cost,0,61,0%,41.54
www.innago.com,0,61,0%,44.87
property meld maintenance,0,61,0%,67.84
cold leads vs warm leads,0,61,0%,72.95
what is tenant turnover,0,61,0%,73.93
tenanturner,0,60,0%,7.35
property management company consultants,0,60,0%,24.63
inspection cloud,0,60,0%,52.97
property management seo companies,0,60,0%,72.17
property management bixby,0,60,0%,87.77
rental inspections software,0,60,0%,93.78
tenat turner,0,59,0%,8.07
property management promotions,0,59,0%,44.15
petscreening.com,0,59,0%,48.42
visionary management,0,59,0%,68.12
websites-that-sell,0,59,0%,77.73
lead generation for window and door companies,0,59,0%,85.69
leasing lead automation,0,59,0%,90.15
franchise alternative,0,58,0%,20.93
property management lead,0,58,0%,46.33
property meld customer service phone number,0,58,0%,52.95
seo services for property management,0,58,0%,76.79
door to door crm,0,58,0%,85.64
resident benefits package roi calculator,0,57,0%,6.02
you suck at management,0,57,0%,73.61
local seo round rock,0,57,0%,84.72
what company is best for property management seo,0,57,0%,88.58
mywalkthru,0,56,0%,7.11
second nature resident benefit package,0,55,0%,35.25
innovative property solutions podcast,0,55,0%,60.64
elimite reviews,0,55,0%,61.27
can realtors be property managers,0,54,0%,6.98
for rent by owner leads,0,54,0%,37.76
how to sell my property management company,0,54,0%,50.26
building stack property management,0,54,0%,50.37
crm for property,0,54,0%,67.17
get property management leads,0,53,0%,19.68
commercial property management consultant,0,53,0%,49.57
property management software with crm,0,53,0%,60.28
lonnie scruggs reviews,0,53,0%,65.77
inspect-cloud,0,52,0%,14.4
appfolio vs rentec,0,52,0%,37.23
new tenant checklist,0,52,0%,56.27
tenant turner syndication,0,52,0%,56.37
property site inspection software,0,52,0%,94.46
property management letter templates,0,51,0%,12.43
property manager introduction letter,0,51,0%,27.75
grow estate,0,51,0%,46.57
lead property management,0,51,0%,50.08
automated tenant income verification,0,51,0%,51.2
how to grow a property management company,0,51,0%,82.29
ppc for property management,0,50,0%,10.68
best property management website,0,50,0%,41.36
pricing sheet design,0,50,0%,65.58
property management mastermind,0,50,0%,70.64
buildium property manager,0,50,0%,92.24
landlord insurance holt,0,49,0%,17.2
how to market property management business,0,49,0%,44.96
property management marketing company,0,49,0%,51.2
digital marketing for property managers,0,49,0%,87.84
tenant tuner,0,48,0%,8.75
checklist for landlords,0,48,0%,42.29
bixby managed it company,0,48,0%,68.33
buildium blog,0,48,0%,73.31
best property management franchise opportunities,0,48,0%,74
appfolio bookkeeping services,0,48,0%,83.27
tenant turner legit,0,47,0%,7.72
business coach asset management,0,47,0%,62.26
common startup myths: building without marketing,0,47,0%,76.13
best crm for property management,0,46,0%,20.39
how to evaluate a property management company,0,46,0%,27.96
ez coordinator competitors,0,46,0%,51
franchise opportunities property management,0,46,0%,73
property management website design agency,0,45,0%,18.6
meld property management,0,45,0%,38.73
property management marketing strategy,0,45,0%,39.24
ppc for property,0,45,0%,57.18
our pet policy,0,45,0%,76.8
the door marketing group,0,45,0%,91.33
stepan renc,0,44,0%,10.48
what can i improve on an apartment to increase revenue,0,44,0%,76.82
renter-inc,0,43,0%,15.21
alex charfen,0,43,0%,33.63
"supercharge your training budget 5 tips to get the most out of your 
investment",0,43,0%,58.37
cloud-based inspection tools,0,43,0%,75.65
seo services for property managers,0,43,0%,81.63
snapchat for real estate agents,0,43,0%,90.16
concept 360 property management,0,42,0%,22.17
resident benefit package program,0,42,0%,71.69
property manager buildeum,0,42,0%,82.55
property management murray,0,42,0%,90.07
one seed property management,0,41,0%,45.63
leasing agent follow up script,0,41,0%,64.83
buldium.com,0,41,0%,74.8
analytics maintenance,0,41,0%,85.98
wall inspection software,0,41,0%,94.95
property management company logos,0,40,0%,28.27
property meld maintenance request,0,40,0%,46.02
buildium.com,0,40,0%,47.95
rental checklist for landlord,0,40,0%,48
hell management,0,40,0%,51.12
list of property management franchises,0,40,0%,52.1
welink property management,0,40,0%,54.73
property management outsourcing,0,40,0%,58.95
offer letter management,0,40,0%,61.27
marketing a property management company,0,40,0%,63.52
manage pay per click,0,40,0%,88.85
frbos,0,39,0%,7.62
rentec direct vs buildium,0,39,0%,44.72
segmented depreciation,0,39,0%,46.67
property management role play scripts,0,39,0%,54.72
seo property managers,0,39,0%,61.79
rentec direct features,0,39,0%,73.62
franchise alternatives,0,39,0%,88.15
get local search marketing,0,39,0%,90.97
frbo meaning,0,38,0%,16.47
property management content ideas,0,38,0%,43.61
property manager marketing,0,38,0%,67.16
round rock local seo experts,0,38,0%,73.97
property managers blog,0,38,0%,78.26
open api property management software,0,38,0%,91.92
tenet turner,0,37,0%,9.89
which personality type do you think is the least fitting for alex?,0,37,0%,9.95
tenant turnover meaning,0,37,0%,37.43
virtual lead manager,0,37,0%,45.16
property preservation franchise,0,37,0%,54.43
property management case study,0,37,0%,61.65
checklist for new tenants,0,37,0%,67.54
property management software apple,0,37,0%,67.73
door and window lead generation,0,37,0%,89.16
local search advertising,0,37,0%,89.43
rentfinder ai,0,36,0%,22.42
pm websites,0,36,0%,36.78
dgs call center,0,36,0%,61.08
melissa townhome management,0,36,0%,67.67
mojo lead generation,0,36,0%,71.25
startup challenges & misconceptions,0,36,0%,80.47
property management letter,0,35,0%,8.8
tenant turner.com,0,35,0%,15.09
bdm property management,0,35,0%,34.29
sites like rently,0,35,0%,81.57
doorloop customer service,0,35,0%,85.74
alex charfen billionaire code,0,35,0%,90.06
andrew keel,0,34,0%,10.32
doorloop careers,0,34,0%,46.12
residents benefits package,0,34,0%,59.76
renters leads,0,34,0%,63.82
rentec direct integrations,0,34,0%,79.74
property management maintenance automation,0,33,0%,68.79
clear-door-seo,0,33,0%,73.58
property management outsourcing services,0,33,0%,79.3
pet management software for properties,0,32,0%,18.84
best property management websites,0,32,0%,22.12
property manager seo company,0,32,0%,42.91
where does 411 locals rank in seo company,0,32,0%,62
how to sell property management services,0,32,0%,68.69
tenatturner,0,31,0%,7.71
tenant tirner,0,31,0%,10.06
property management bdm,0,31,0%,11.06
rentec direct software,0,31,0%,28.9
property management website design,0,31,0%,33.32
how to use virtual assistants for direct mail campaigns,0,31,0%,77.13
multifamily insurance broker,0,31,0%,83.52
aaron lombardo,0,30,0%,1.33
tenant turner.,0,30,0%,10.93
billdium.com,0,30,0%,47.97
offer letter template for apartment rental,0,30,0%,49.1
margin operations technology,0,30,0%,51.93
best property management software 2017,0,30,0%,54.67
property manager seo agency,0,30,0%,70.2
schmitt just got real,0,30,0%,79.27
rental income verification software,0,30,0%,92.4
tentant turner,0,29,0%,10
what are the common pitfalls in tenant screening and how to avoid them,0,29,0%,11.9
property management website development,0,29,0%,35.55
what is crm in property management,0,29,0%,47.1
round rock local seo,0,29,0%,83.31
charfen,0,29,0%,87.17
doorloop pricing,0,29,0%,93.62
best website builder for rental property,0,29,0%,95.48
"evaluate the property management software company rentec direct on property 
management automation solutions",0,28,0%,11.04
"""prize in your""",0,28,0%,11.14
how to value property management company,0,28,0%,19.89
tenantcloud software,0,28,0%,50.29
high status networking,0,28,0%,67.18
ppc for apartments,0,28,0%,68.21
rental property leads,0,28,0%,85.79
find more local clients,0,28,0%,94.89
is tenant turner safe,0,27,0%,43.74
pay per click ppc management for real estate brokers,0,27,0%,61.63
rental scripts,0,27,0%,62.07
innago software,0,27,0%,69
robot landlord,0,27,0%,80.19
who offers premium property management services?,0,26,0%,6.96
chambers theory property management,0,26,0%,10.46
melissa condo management,0,26,0%,49.19
267/3,0,26,0%,49.31
tenantturner reviews,0,26,0%,51.5
logos property management,0,26,0%,52.27
crm property management,0,26,0%,53.12
tenant retention ideas,0,26,0%,82.19
leasing email templates,0,26,0%,91.23
website growth mastermind,0,25,0%,12.92
tenant benefits package,0,25,0%,53.04
property management email list,0,25,0%,56.36
residential benefits package,0,25,0%,56.96
unlocking ld success feedback engagement and performance,0,25,0%,59.72
property ad automation,0,25,0%,63.84
ppc apartment marketing,0,25,0%,75.36
property management bonus structure,0,25,0%,78.64
property management ai,0,25,0%,84.28
real estate management franchise,0,25,0%,86.4
earthlink spam filter,0,25,0%,88.24
property maintenance franchise,0,25,0%,88.92
is tenantturner safe,0,24,0%,9.79
tennat turner,0,24,0%,10.08
property management letters to owners,0,24,0%,10.75
how to get rental leads,0,24,0%,47.46
property management business profitability,0,24,0%,49.25
tim francis latest,0,24,0%,63.83
property management newsletter samples,0,24,0%,73.79
marketing platform property managment companies,0,24,0%,83.17
tenantturner.com reviews,0,23,0%,40.87
doorprofit,0,23,0%,43.35
property management marketing plan,0,23,0%,45.74
property manager franchise,0,23,0%,51.52
property management marketing agency case studies,0,23,0%,59.57
where does 411locals rank in seo company,0,23,0%,61
search engine marketing round rock,0,23,0%,76.26
rentec pricing,0,23,0%,78.83
property inspection software android,0,23,0%,84.91
deluxe real estate leads,0,23,0%,89.52
property management marketing tools,0,23,0%,91.43
released property management software,0,23,0%,92.61
property inspect software,0,23,0%,93.26
tenant turner mail,0,22,0%,6.73
property management letter to owners,0,22,0%,9
tenantturner rentals,0,22,0%,11.14
letter to property manager,0,22,0%,17.5
property manager web dev,0,22,0%,25.27
buildum.com,0,22,0%,49.18
bixby managed it services,0,22,0%,51.5
tenant turner box help,0,22,0%,53.82
buy it rent it profit,0,22,0%,53.91
rll insurance,0,22,0%,59.23
ppc high-end properties,0,22,0%,69.05
innago cost,0,22,0%,70.41
self show rentals,0,22,0%,71.68
lead generation va in the philippines,0,22,0%,71.73
seo management near me,0,22,0%,72.14
general office cost segregation case study,0,22,0%,82.45
payperclick management,0,22,0%,84.5
consultant property management,0,21,0%,26.29
on site pros,0,21,0%,43.71
propertymanagerwebsites,0,21,0%,49.24
landlord checklist for renting a house,0,21,0%,51
cost segregation mobile home park case study,0,21,0%,53.29
rently blue lock,0,21,0%,54.24
zillow rental manager pros and cons,0,21,0%,58.67
case study property management,0,21,0%,62.95
myoutdesk.com,0,21,0%,66.43
smart sensors for property management,0,21,0%,66.62
mobile home park cost segregation example,0,21,0%,67.38
property management company profitability,0,21,0%,72.19
targeted advertising for property management,0,21,0%,75.05
best property management digital marketing,0,21,0%,77.1
rentec direct review,0,21,0%,85.9
best digital marketing for property managers,0,21,0%,92.24
franchise property management company,0,21,0%,92.52
premium buyers,0,21,0%,95.43
best csm for large organizations,0,20,0%,1
new landlord checklist,0,20,0%,14.7
chambers theory,0,20,0%,18.45
dave spooner,0,20,0%,20.65
rentec software,0,20,0%,30.95
consulting property management,0,20,0%,32.95
how to build a property management website,0,20,0%,33.4
property management pricing strategy,0,20,0%,35.15
lead generation property management,0,20,0%,46.95
business systems for visionaries,0,20,0%,47.6
logo property management,0,20,0%,48.3
property management alternative,0,20,0%,48.4
how to grow my property management business,0,20,0%,50.55
show rental management system,0,20,0%,55.55
the land geek review,0,20,0%,70.45
seo for property maintenance companies,0,20,0%,79.45
hoarding clean up checklist,0,20,0%,87.2
what is a hospitality entrepreneur?,0,20,0%,93.05
property management seo firm,0,20,0%,94.45
can real estate agents be property managers,0,19,0%,6.68
tenant turner rental,0,19,0%,17.74
management email address,0,19,0%,26.26
property management social media ideas,0,19,0%,39.95
andrew lebaron,0,19,0%,47.11
management company logo,0,19,0%,47.95
resident benefits program,0,19,0%,54.74
austin luxury property seo consultant,0,19,0%,69.53
property management mobile marketing automation,0,19,0%,74.05
tenant experience platform,0,19,0%,82.21
pay per click real estate leads,0,19,0%,87.95
submeter troubleshooting tips,0,19,0%,89.84
diy property management software,0,19,0%,93.26
taylor hou,0,18,0%,1.94
tensnt turner,0,18,0%,8.67
property pay per click,0,18,0%,20.72
mark podolsky net worth,0,18,0%,21.17
logo for property management company,0,18,0%,25.83
sell my property management company,0,18,0%,39.33
lead generation hull,0,18,0%,49.5
innago integrations,0,18,0%,56.89
property management google ads management agency,0,18,0%,64
internet website designers for property,0,18,0%,74.5
rentec direct cost,0,18,0%,81.61
what is a visionary company,0,18,0%,84.61
pay per click manage,0,18,0%,86.67
property management franchise profit,0,18,0%,88.33
property inspection management software,0,18,0%,94.22
tennantturner,0,17,0%,7.53
track tenant turner mail,0,17,0%,7.82
prempoint,0,17,0%,17.88
ez repair hotline,0,17,0%,21.24
property manager t-shirts,0,17,0%,34.65
surevestor,0,17,0%,45.71
resident benefit program,0,17,0%,48.71
tenantcloud vs appfolio,0,17,0%,49.35
grow.com pricing,0,17,0%,58.94
property management ad,0,17,0%,64.12
aquatic property management,0,17,0%,70.53
rently blue,0,17,0%,74.53
maintenance coordinator software,0,17,0%,90.29
management logo,0,17,0%,93.41
offer letter for lease of property,0,16,0%,10.31
track tenant turner,0,16,0%,13.44
tenant turner boxhelp,0,16,0%,20.81
sonia schmitt,0,16,0%,21.69
property management letter to tenants,0,16,0%,31.56
meld maintenance,0,16,0%,34.25
inspectandcloud,0,16,0%,35.25
tenantcloud integrations,0,16,0%,41.5
grow property management business,0,16,0%,45.75
hoarding cleanup for homes grants pass or,0,16,0%,58.62
bliive startup,0,16,0%,59.81
property manager outsourcing services,0,16,0%,60.88
rentec direct logo,0,16,0%,62
appfolio property manager pros and cons,0,16,0%,70.5
fake landlord reference service,0,16,0%,76.19
hiscox underwriting group service referral code,0,16,0%,77.38
websites like rently,0,16,0%,80.25
lead generation for property service businesses,0,16,0%,86.44
digital marketing for property management,0,16,0%,89.31
property management website design best practices,0,15,0%,8.2
sms.tenantturner,0,15,0%,8.47
pat hiban,0,15,0%,23.8
ppc management bend,0,15,0%,37.87
"7 reasons why you need a noise monitoring device for ... https 
//noiseaware.com/blog/7-reasons-why-you-need-a-noise-monitoring-device-for-your-airbnb-property/",0,15,0%,38.53
on sight pros,0,15,0%,42.87
what is a resident benefits package,0,15,0%,46.47
management franchises,0,15,0%,62.07
tenantcloud,0,15,0%,64.27
for the love of dogs san antonio,0,15,0%,64.8
software consulting services for property management,0,15,0%,65.93
how to get out of property management career,0,15,0%,69.73
buildium discount,0,15,0%,72.47
resident benefit fee,0,15,0%,88
mastermind management,0,15,0%,89.13
seo company for property management,0,15,0%,91.47
third party property management multifamily,0,15,0%,93.13
web management company,0,15,0%,96.2
tenant thrner,0,14,0%,9.43
tenant turne,0,14,0%,10.5
app.tenantturner,0,14,0%,15.14
consult property management,0,14,0%,21.57
tenant turner app,0,14,0%,28.93
door services for property managers,0,14,0%,40.5
https //app.tenantturner.com,0,14,0%,41.71
ppc property services,0,14,0%,43.5
propertyware pros and cons,0,14,0%,48.57
free cold leads,0,14,0%,49.36
property management podcast,0,14,0%,50.14
property management customer service outsourcing,0,14,0%,63.43
mandatory resident benefit package legal,0,14,0%,75.29
top property management franchise,0,14,0%,82.57
real estate agent and property manager,0,14,0%,86.43
best property management inspection software,0,14,0%,87.5
company to manage my seo near me,0,14,0%,88.14
builldium property management webinars,0,14,0%,91.07
automated proof of income software,0,14,0%,91.29
keyless access points,0,14,0%,95.43
ai for tenant engagement,0,14,0%,97.36
michael monteiro buildium,0,13,0%,7.46
finret,0,13,0%,7.77
property management website providers,0,13,0%,25.38
rentfax,0,13,0%,28.54
resident benefit package meaning,0,13,0%,31.08
property services logo,0,13,0%,43
tenant turner demo,0,13,0%,47.69
real estate for rent collector,0,13,0%,49.08
local search group llc reviews,0,13,0%,52.08
how to market your property management company,0,13,0%,53.46
how to advertise property,0,13,0%,56.54
estate of relaxation,0,13,0%,56.85
what companies can help me submeter a campus,0,13,0%,61.31
bixby management,0,13,0%,64.08
real estate lead generation virtual assistants,0,13,0%,64.69
realpage ops invoice processing,0,13,0%,64.69
types of buyers in real estate,0,13,0%,66.54
rentec reviews,0,13,0%,68.23
local seo accelerator,0,13,0%,70
apartment marketing ppc,0,13,0%,76
what is a turnover fee,0,13,0%,81.92
apartment ppc,0,13,0%,86.92
appfolio accounting services,0,13,0%,91.92
property manager advertising,0,12,0%,5.58
jason kass,0,12,0%,10.17
tenant screening mistakes,0,12,0%,16.33
app.property meld,0,12,0%,35.92
app property meld,0,12,0%,37.33
escape property management,0,12,0%,47.33
property management software crm,0,12,0%,60
commission-free strata management,0,12,0%,70.42
clear door seo,0,12,0%,73.58
ada compliance for apartment websites,0,12,0%,81.17
grow.com,0,12,0%,82.42
onsite pros,0,12,0%,82.58
property management leasing goal board ideas,0,12,0%,82.58
property management workflow automation,0,12,0%,86.33
how to use virtual assistants for lead nurturing,0,12,0%,87.33
process street implementation,0,12,0%,89.92
profit first coaching,0,12,0%,95.92
best email hosting for small business,0,11,0%,1
http://track.tenantturnermail.com,0,11,0%,2.36
tenant turnee,0,11,0%,8.55
tenant turner photos,0,11,0%,10.91
"evaluate the property management software company rentec direct on tenant 
management software",0,11,0%,11.18
tenant turner rental properties,0,11,0%,13.64
frbo.com,0,11,0%,27.45
dgs coupon code,0,11,0%,30.64
app tenant turner,0,11,0%,32
ourpetpolicy reviews,0,11,0%,34.27
property coaching,0,11,0%,36.82
rentec direct,0,11,0%,37.91
without growth accelerant,0,11,0%,40.55
appfolio income verification,0,11,0%,41.27
door show,0,11,0%,41.91
"""tenantcloud""",0,11,0%,44.45
virtual lead management,0,11,0%,50.36
property management workflow chart,0,11,0%,52.09
property meld alternative,0,11,0%,57.64
marketing property management company,0,11,0%,60.55
pest control insurance texas,0,11,0%,63.09
how do property management companies make money,0,11,0%,67.18
ppc apartment ads,0,11,0%,69.09
varghese bobby,0,11,0%,69.09
buildium resident portal api,0,11,0%,71
four letter personality test,0,11,0%,71.91
profitability of property management companies,0,11,0%,74.55
self showing rentals,0,11,0%,82.09
property management display advertising,0,11,0%,82.45
property management company franchise,0,11,0%,83.45
hot leads vs cold leads,0,11,0%,89.09
property services seo,0,11,0%,90.82
local listing seo service,0,11,0%,92.18
how leading property managers reduce vacancy loss,0,11,0%,94.45
automated income verification api,0,11,0%,96.82
preston company has three divions,0,11,0%,97.55
tenantturnermail,0,10,0%,2.4
management pricing worksheet,0,10,0%,2.9
for rent by owner script,0,10,0%,4
"evaluate the property management software company rentec direct on landlord 
software",0,10,0%,10.4
lombardo property management,0,10,0%,18.9
jason podolsky,0,10,0%,20.2
credhub reviews,0,10,0%,25.7
do you have to be a real estate agent to be a property manager,0,10,0%,33.1
cashflow diary,0,10,0%,34.9
new renter checklist,0,10,0%,39.7
hemlane,0,10,0%,40.9
property manager web sites,0,10,0%,53.4
chris litster,0,10,0%,56.4
property management adverts,0,10,0%,58.6
what is the best crm for property management?,0,10,0%,59.4
property management web basics,0,10,0%,59.8
property management os,0,10,0%,62.3
rentals by owner,0,10,0%,62.3
quadplex insurance carrier,0,10,0%,62.7
is it better to use real estate broker as property management,0,10,0%,79.2
property maintenance new freedom,0,10,0%,81.5
buildium tech support,0,10,0%,82.1
rackspace email domain alias,0,10,0%,83.1
best automation tools for tenant screening,0,10,0%,83.8
nuance property management,0,10,0%,84.3
rise local seo,0,10,0%,84.8
what is cold lead advertising,0,10,0%,85.2
property management franchise reviews,0,10,0%,85.4
manage profit mindset,0,10,0%,85.6
hemlane integrations,0,10,0%,87.5
hoarding for new build estates,0,10,0%,88.8
cruise ship inspection software,0,10,0%,89.5
pay per click management company,0,10,0%,89.9
pay per click managment,0,10,0%,92
renters legal liability,0,10,0%,94.4
hemlane software,0,10,0%,95.8
tenant experience apps,0,10,0%,99.9
property management pricing strategies,0,9,0%,8
tenant turner property management,0,9,0%,12.56
letters property management,0,9,0%,17.78
under new management letter template,0,9,0%,21.22
dgs99,0,9,0%,21.56
18 doors property management,0,9,0%,22.56
do you have to be a realtor to be a property manager,0,9,0%,25.56
peter tverdov,0,9,0%,28.22
john carlson mark taylor,0,9,0%,32.44
tenant turner scam,0,9,0%,42
appfolio zapier,0,9,0%,42.78
dgs gentlemens club,0,9,0%,46.11
cash flow diary,0,9,0%,49.78
rentec direct pros and cons,0,9,0%,50.11
prandi property management,0,9,0%,51.44
scaling your business with mod virtual professionals,0,9,0%,53.89
how to train leasing teams on rental screening software,0,9,0%,55.89
grow property management reviews,0,9,0%,62.78
ppc apartment marketing companies,0,9,0%,65.67
rentec direct grants pass,0,9,0%,66.22
411 local search,0,9,0%,66.44
propertymeld,0,9,0%,67.33
is property management profitable,0,9,0%,68.11
landlord submetering,0,9,0%,69.44
door to door conference,0,9,0%,70.67
submetering companies near me,0,9,0%,70.89
discount property leads,0,9,0%,77
one hundred doors,0,9,0%,77.56
renter leads,0,9,0%,78.44
property maintenance inspection software,0,9,0%,78.67
rocket station real estate,0,9,0%,78.67
choose competitors,0,9,0%,80.89
organize systemize my real estate business,0,9,0%,81
real estate investor ppc keyword report,0,9,0%,82
hemlane alternative,0,9,0%,83.11
how to create a pricing sheet,0,9,0%,83.33
turnover doors,0,9,0%,86.22
pet screening application,0,9,0%,87.22
simplify property management,0,9,0%,87.67
door-to-door-crm,0,9,0%,90.33
boomerang lodge property management,0,9,0%,93
local seo management services,0,9,0%,95.44
appfolio accounting help,0,9,0%,98
how do i advertise,0,9,0%,103.67
track.tenantturnermail.com,0,8,0%,3.12
can real estate agent do property management,0,8,0%,8.38
tenant turber,0,8,0%,9.25
property management automation roi,0,8,0%,10
tenant turnwr,0,8,0%,11.5
rentec direct property management software,0,8,0%,11.62
tenant turner application online,0,8,0%,14.25
property management humor,0,8,0%,14.75
vinay patankar,0,8,0%,20.75
lrrl insurance,0,8,0%,21
preston brown real estate,0,8,0%,21.25
websites for property managers,0,8,0%,22.62
crm for property managers,0,8,0%,36.25
landlords checklist,0,8,0%,37
manage hell,0,8,0%,40
dominoes deals,0,8,0%,43.62
nest idaho property management,0,8,0%,49.75
jonathan bye realtor,0,8,0%,50
cashfrlowdiary,0,8,0%,50.62
mastermind business system 2.0,0,8,0%,50.75
176/9,0,8,0%,51.62
land management logo ideas,0,8,0%,51.88
doorloop jobs,0,8,0%,53.62
rent by owner,0,8,0%,58.38
brob rentals,0,8,0%,61
real estate maintenance automation,0,8,0%,61.12
rental private owners,0,8,0%,62
outsourcing corporate housing,0,8,0%,62.12
property management review websites,0,8,0%,64.12
doorloop competitors,0,8,0%,68.75
boardroom events,0,8,0%,73.62
advertise myself,0,8,0%,77.38
systemize organize my real estate business,0,8,0%,79.5
marketing plan for property management company,0,8,0%,82.5
landlord crm,0,8,0%,82.88
next level rentals property managers,0,8,0%,84.88
residential property management consultant,0,8,0%,86.5
real estate investor ppc report,0,8,0%,87
seo agency for property management,0,8,0%,89
pest control insurance,0,8,0%,90.5
wholesaling lead gen,0,8,0%,90.88
how do you qualify your leads in real estate,0,8,0%,91.25
crm system for property management,0,8,0%,91.5
brownie box virtual staging,0,8,0%,94.5
content marketing for property management,0,8,0%,95.5
andy propst idaho,0,7,0%,8.57
sample offer letter for lease of property,0,7,0%,10.71
3. which personality type do you think is the least fitting for alex?,0,7,0%,11.43
https //sms.tenantturner.com,0,7,0%,11.57
tenant turner application online pdf,0,7,0%,13.29
how to value a property management business,0,7,0%,24.14
hiresmart va,0,7,0%,24.86
property manager burnout,0,7,0%,30.29
property management introduction letter,0,7,0%,32.14
profit first book amazon,0,7,0%,37.71
247 management,0,7,0%,38
ppc manager near me,0,7,0%,39.86
unscalable,0,7,0%,42.29
for rent by owner,0,7,0%,43.43
landlord checklist for new tenants,0,7,0%,44.57
tenantcloud property management software,0,7,0%,46
property management email analytics software,0,7,0%,49.57
steve welty,0,7,0%,51.86
property meld logo,0,7,0%,55.86
rental by owner,0,7,0%,56
tommy chambers,0,7,0%,57.71
marketing property managers,0,7,0%,62.14
landlord screening checklist,0,7,0%,64.71
property management letters to tenants,0,7,0%,65.29
rent evolutionary analysis,0,7,0%,74
business buying accelerator review,0,7,0%,75.29
inspected cloud,0,7,0%,77.29
growth consultant accelerator,0,7,0%,80.57
ppc management for real estate agencies,0,7,0%,82.14
ppc apartment marketing and advertising,0,7,0%,83
innago features,0,7,0%,84.86
property management conferences 2023,0,7,0%,87.57
web grow design,0,7,0%,88.57
property management boring,0,7,0%,91.57
localsearchmanagement,0,7,0%,92
property management holt,0,7,0%,92.29
websiteleads,0,7,0%,95.29
automated rental showings,0,7,0%,96.71
tenant turner listings,0,6,0%,3
property management crm features,0,6,0%,5.17
frbo lead caller,0,6,0%,6
"voice ai tools that can pre-qualify rental leads and book tours directly 
into yardi",0,6,0%,6.17
rentfinders,0,6,0%,7.67
sucking it good at ”head” estate,0,6,0%,8.17
reduce tenant turnover with reliable cleaning services in reno nv,0,6,0%,9.17
inspect cloud,0,6,0%,11.67
real estate bdm,0,6,0%,15.67
todd breen,0,6,0%,17.67
preston brown el paso,0,6,0%,21.83