Top pages,Clicks,Impressions,CTR,Position
https://johnsonmediaco.com/,32,6341,0.5%,41.83
https://johnsonmediaco.com/about/,11,349,3.15%,6.77
https://johnsonmediaco.com/team/aman-johnson/,3,12,25%,6.75
https://johnsonmediaco.com/nonprofit-video-production-austin-johnson-media-co/,2,181,1.1%,49.64
https://johnsonmediaco.com/music-video-production-austin-tx/,1,348,0.29%,51.06
https://johnsonmediaco.com/about-us/,1,59,1.69%,6.71
https://johnsonmediaco.com/work/wedge/,1,7,14.29%,25
https://johnsonmediaco.com/work/meet-ceo/,1,4,25%,4.25
https://johnsonmediaco.com/mastering-video-content-strategy-in-austin-elevate-your-brand-with-johnson-media-co/,0,1054,0%,4.23
https://johnsonmediaco.com/empower-your-brand-with-johnson-media-co-the-premier-austin-video-marketing-agency/,0,241,0%,27.03
https://johnsonmediaco.com/work/bezi/,0,94,0%,43.61
https://johnsonmediaco.com/work/google-mio/,0,84,0%,39.69
https://johnsonmediaco.com/articles/,0,82,0%,34.11
https://johnsonmediaco.com/luxury-brand-video-production-austin/,0,75,0%,33.99
https://johnsonmediaco.com/work/,0,65,0%,8.49
https://johnsonmediaco.com/2025/05/01/professional-video-production-austin-2/,0,65,0%,85.69
https://johnsonmediaco.com/video-editing-services-austin/,0,55,0%,28.87
https://johnsonmediaco.com/the-method-of-places/,0,52,0%,5.69
https://johnsonmediaco.com/contact/,0,52,0%,38.02
https://johnsonmediaco.com/corporate-video-production-in-austin-why-johnson-media-co-is-the-perfect-choice/,0,49,0%,49.18
https://johnsonmediaco.com/top-production-studios-in-austin-tx/,0,43,0%,48.05
https://johnsonmediaco.com/2024/12/12/austin-video-production-the-ultimate-guide-to-elevating-your-brand/,0,42,0%,86.26
https://johnsonmediaco.com/articles/page/5/,0,40,0%,12.6
https://johnsonmediaco.com/youtube-video-production-in-austin-boost-your-brand-with-johnson-media-co/,0,36,0%,40.03
https://johnsonmediaco.com/2024/12/27/austin-explainer-video-production-take-your-brand-to-the-next-level-with-johnson-media-co/,0,31,0%,31.84
https://johnsonmediaco.com/austin-explainer-video-production-take-your-brand-to-the-next-level-with-johnson-media-co/,0,30,0%,32.4
https://johnsonmediaco.com/chuck-amr/,0,26,0%,5.15
https://johnsonmediaco.com/category/video-production/,0,26,0%,7.31
https://johnsonmediaco.com/production-studios-in-austin/,0,26,0%,82.42
https://johnsonmediaco.com/work/the-method-of-places/,0,22,0%,7.14
https://johnsonmediaco.com/2024/11/12/the-ultimate-guide-to-corporate-video-production-in-austin-elevate-your-brand-with-johnson-media-co/,0,19,0%,78.63
https://johnsonmediaco.com/2024/11/11/how-johnson-media-co-transformed-a-startups-brand-through-video/,0,18,0%,4.67
https://johnsonmediaco.com/why-johnson-media-co-is-the-best-choice-for-video-production-for-non-profit-organizations/,0,18,0%,71.44
https://johnsonmediaco.com/2025/02/11/youtube-video-production-in-austin-boost-your-brand-with-johnson-media-co/,0,17,0%,36.35
https://johnsonmediaco.com/texas-narrative-video-production-johnson-media-2/,0,17,0%,62.41
https://johnsonmediaco.com/high-end-video-production-in-austin-elevate-your-brand/,0,14,0%,11.07
https://johnsonmediaco.com/fox-bot/,0,14,0%,24.29
https://johnsonmediaco.com/team/josh-verduzco/,0,13,0%,8.77
https://johnsonmediaco.com/top-video-production-company-in-austin-why-johnson-media-co-is-your-go-to-partner-for-impactful-storytelling/,0,13,0%,9
https://johnsonmediaco.com/youtube-video-production-in-austin/,0,13,0%,20.31
https://johnsonmediaco.com/2025/04/10/luxury-brand-video-production-austin/,0,13,0%,37.23
https://johnsonmediaco.com/2024/11/12/why-johnson-media-co-is-austins-top-choice-for-high-impact-video-production/,0,11,0%,3.55
https://johnsonmediaco.com/2025/01/10/austin-cinematic-video-production/,0,10,0%,1.6
https://johnsonmediaco.com/2025/01/13/creative-video-direction-in-austin/,0,10,0%,3.2
https://johnsonmediaco.com/johnson-media-co-the-leading-video-content-creation-agency-in-austin/,0,10,0%,8
https://johnsonmediaco.com/austin-texas-video-production-your-path-to-visual-storytelling-excellence/,0,10,0%,40.4
https://johnsonmediaco.com/elevate-your-brand-with-premier-austin-texas-video-production/,0,10,0%,81.2
https://johnsonmediaco.com/johnson-media-video-production-austin-tx/,0,9,0%,2.22
https://johnsonmediaco.com/creative-video-direction-in-austin/,0,9,0%,25.11
https://johnsonmediaco.com/promotional-video-production-in-austin/,0,9,0%,28.67
https://johnsonmediaco.com/2025/01/24/video-production-marketing-in-austin/,0,9,0%,70.56
https://johnsonmediaco.com/texas-narrative-video-production-johnson-media/,0,8,0%,37.62
https://johnsonmediaco.com/2025/01/28/high-impact-video-production-in-austin/,0,7,0%,1.57
https://johnsonmediaco.com/2025/01/16/youtube-video-production-in-austin/,0,7,0%,1.71
https://johnsonmediaco.com/2025/05/09/corporate-film-production-in-austin-that-actually-feels-like-your-brand/,0,7,0%,3
https://johnsonmediaco.com/social-media-video-production-in-austin-amplify-your-brand-with-johnson-media-co/,0,7,0%,3.29
https://johnsonmediaco.com/team/lars-frazer/,0,7,0%,18.57
https://johnsonmediaco.com/austin-production-company-video-storytelling/,0,7,0%,29.86
https://johnsonmediaco.com/austin-video-marketing-7-ways-johnson-media-co-turns-vision-into-impactful-content/,0,7,0%,80
https://johnsonmediaco.com/video-production-austin-small-businesses/,0,6,0%,1.33
https://johnsonmediaco.com/2024/11/29/is-austin-top-choice-for-high-impact-video-production/,0,6,0%,2.83
https://johnsonmediaco.com/team/lee-rothenflue/,0,6,0%,6
https://johnsonmediaco.com/top-media-companies-transformative-video-production/,0,6,0%,8.33
https://johnsonmediaco.com/2025/01/25/real-estate-video-production-in-austin/,0,6,0%,49.5
https://johnsonmediaco.com/animated-video-production-services-austin-johnson-media-co/,0,5,0%,2
https://johnsonmediaco.com/community-films-video-storytelling/,0,5,0%,3
https://johnsonmediaco.com/elevate-your-marketing-with-johnson-media-co-s-video-production-consultancy-in-austin/,0,5,0%,3
https://johnsonmediaco.com/work/meet-cio/,0,5,0%,5.2
https://johnsonmediaco.com/work/mio/,0,5,0%,6.8
https://johnsonmediaco.com/animation-video-production-in-austin/,0,5,0%,14.6
https://johnsonmediaco.com/austin-production-company-elevating-your-brand-through-creative-video-storytelling/,0,5,0%,15.2
https://johnsonmediaco.com/2024/09/18/crafting-visual-narratives-premier-video-production-services-in-texas/,0,5,0%,16.2
https://johnsonmediaco.com/2025/04/29/texas-narrative-video-production-johnson-media-2/,0,5,0%,25.4
https://johnsonmediaco.com/corporate-video-services-in-austin-why-johnson-media-co-is-your-strategic-creative-partner/,0,5,0%,46.2
https://johnsonmediaco.com/2025/03/22/youtube-video-production-in-austin-boost-your-brand-with-johnson-media-co-3/,0,5,0%,73.2
https://johnsonmediaco.com/2025/04/18/film-companies-in-austin-tx/,0,5,0%,92
https://johnsonmediaco.com/how-johnson-media-co-transformed-a-startups-brand-through-video/,0,4,0%,1.25
https://johnsonmediaco.com/2025/01/07/bring-your-brand-to-life-with-johnson-media-co-custom-video-production-in-austin/,0,4,0%,1.75
https://johnsonmediaco.com/2024/12/11/mastering-video-content-strategy-in-austin-elevate-your-brand-with-johnson-media-co/,0,4,0%,2
https://johnsonmediaco.com/professional-video-production-austin/,0,4,0%,2.25
https://johnsonmediaco.com/2024/08/20/showcasing-beauty-and-functionality-architecture-video-production-by-johnson-media-co/,0,4,0%,3
https://johnsonmediaco.com/industrial-video-production-austin-2/,0,4,0%,4
https://johnsonmediaco.com/2025/03/13/austin-production-company-elevating-your-brand-through-creative-video-storytelling/,0,4,0%,6
https://johnsonmediaco.com/tag/austin-video-production/,0,4,0%,9.25
https://johnsonmediaco.com/work/the-cloudbuster-nine/,0,4,0%,10.5
https://johnsonmediaco.com/work/caritas-of-austin-2016/,0,4,0%,11.5
https://johnsonmediaco.com/work/texas-health-and-human-resources/,0,4,0%,13.25
https://johnsonmediaco.com/motion-graphics-austin/,0,4,0%,15.5
https://johnsonmediaco.com/2025/04/12/explainer-video-production-austin/,0,4,0%,30.75
https://johnsonmediaco.com/2024/11/30/empower-your-brand-with-johnson-media-co-the-premier-austin-video-marketing-agency/,0,4,0%,43.75
https://johnsonmediaco.com/film-companies-in-austin-tx/,0,4,0%,68.25
https://johnsonmediaco.com/2025/04/17/production-studios-in-austin-2/,0,4,0%,80.25
https://johnsonmediaco.com/2025/01/22/top-animation-services-in-austin/,0,3,0%,1
https://johnsonmediaco.com/work/hill-country-conservancy/,0,3,0%,1
https://johnsonmediaco.com/work/texas-targeted-opioid-response/,0,3,0%,1
https://johnsonmediaco.com/work/escobedo-group/,0,3,0%,1.33
https://johnsonmediaco.com/2025/01/13/branding-video-production-austin/,0,3,0%,1.67
https://johnsonmediaco.com/austin-cinematic-video-production-elevating-your-brands-visual-storytelling/,0,3,0%,2
https://johnsonmediaco.com/our-services/,0,3,0%,2.67
https://johnsonmediaco.com/work/chuck-amr/,0,3,0%,3
https://johnsonmediaco.com/2025/03/21/nonprofit-video-production-austin-johnson-media-co/,0,3,0%,3.67
https://johnsonmediaco.com/2024/12/22/maximize-your-roi-with-johnson-media-co-the-leading-video-marketing-agency-in-texas/,0,3,0%,4
https://johnsonmediaco.com/2024/12/14/austin-texas-video-production-your-path-to-visual-storytelling-excellence/,0,3,0%,5.67
https://johnsonmediaco.com/explainer-video-production-austin/,0,3,0%,6
https://johnsonmediaco.com/maximize-your-roi-with-johnson-media-co-the-leading-video-marketing-agency-in-texas/,0,3,0%,8
https://johnsonmediaco.com/youtube-video-production-in-austin-boost-your-brand-with-johnson-media-co-3/,0,3,0%,9.33
https://johnsonmediaco.com/category/video-production/page/4/,0,3,0%,18
https://johnsonmediaco.com/music-video-production-austin/,0,3,0%,22
https://johnsonmediaco.com/2025/04/13/motion-graphics-austin/,0,3,0%,26
https://johnsonmediaco.com/ad-agency-video-production/,0,3,0%,28
https://johnsonmediaco.com/amplify-your-mission-with-branded-video-content-by-johnson-media-co/,0,3,0%,31.33
https://johnsonmediaco.com/2025/02/06/high-quality-animation-in-austin/,0,3,0%,88
https://johnsonmediaco.com/austin-video-production-that-listens-why-brands-choose-johnson-media-co/,0,3,0%,101.33
https://johnsonmediaco.com/2025/04/06/top-media-companies-transformative-video-production/,0,2,0%,1
https://johnsonmediaco.com/exceptional-video-production-for-engaging-branded-content/,0,2,0%,1
https://johnsonmediaco.com/high-quality-animation-in-austin/,0,2,0%,1
https://johnsonmediaco.com/maximize-brand-impact-with-corporate-video-production/,0,2,0%,1
https://johnsonmediaco.com/work/auto-provisioning/,0,2,0%,1
https://johnsonmediaco.com/work/local-schools-local-impact/,0,2,0%,1
https://johnsonmediaco.com/2025/01/19/product-video-production-in-austin/,0,2,0%,1.5
https://johnsonmediaco.com/tag/animation-video-production-in-austin/,0,2,0%,1.5
https://johnsonmediaco.com/2025/04/19/industrial-video-production-austin/,0,2,0%,2
https://johnsonmediaco.com/small-business-video-production-in-austin/,0,2,0%,2
https://johnsonmediaco.com/work-categories/healthcare-video-production/,0,2,0%,2
https://johnsonmediaco.com/video-production-marketing-in-austin/,0,2,0%,2.5
https://johnsonmediaco.com/2025/04/25/johnson-media-video-production-austin-tx/,0,2,0%,3
https://johnsonmediaco.com/work-categories/branded-video-content/,0,2,0%,3.5
https://johnsonmediaco.com/tag/work/,0,2,0%,8
https://johnsonmediaco.com/2025/04/05/creative-video-agency/,0,2,0%,9
https://johnsonmediaco.com/2025/04/28/texas-narrative-video-production-johnson-media/,0,2,0%,9.5
https://johnsonmediaco.com/articles/page/8/,0,2,0%,11.5
https://johnsonmediaco.com/tag/explainer-videos-austin/,0,2,0%,13.5
https://johnsonmediaco.com/category/video-production/page/7/,0,2,0%,14.5
https://johnsonmediaco.com/category/video-production/page/8/,0,2,0%,15.5
https://johnsonmediaco.com/austin-production-company/,0,2,0%,28.5
https://johnsonmediaco.com/work/the-future-of-3d-design/,0,2,0%,28.5
https://johnsonmediaco.com/2025/04/09/video-editing-services-austin/,0,2,0%,33.5
https://johnsonmediaco.com/2025/01/26/online-video-production-in-austin/,0,2,0%,41
https://johnsonmediaco.com/2024/12/03/johnson-media-co-the-leading-video-content-creation-agency-in-austin/,0,2,0%,56.5
https://johnsonmediaco.com/austin-production-company-elevate-your-brand-with-video/,0,2,0%,59.5
https://johnsonmediaco.com/2025/04/01/top-production-studios-in-austin-tx/,0,2,0%,79.5
https://johnsonmediaco.com/contact-us/,0,2,0%,273.5
https://johnsonmediaco.com/2024/09/03/transform-your-footage-with-expert-video-editing-services-by-johnson-media-co/,0,1,0%,1
https://johnsonmediaco.com/2024/12/17/austin-texas-video-production-company-how-johnson-media-co-transforms-brands-through-storytelling/,0,1,0%,1
https://johnsonmediaco.com/2025/02/09/professional-video-editing-for-storytelling/,0,1,0%,1
https://johnsonmediaco.com/captivate-your-audience-with-engaging-web-series-production-by-johnson-media-co/,0,1,0%,1
https://johnsonmediaco.com/creative-video-productions-that-elevate-your-brand/,0,1,0%,1
https://johnsonmediaco.com/the-cloudbuster-nine/,0,1,0%,1
https://johnsonmediaco.com/work-categories/manufacturing-and-industrial/,0,1,0%,1
https://johnsonmediaco.com/2024/09/03/extend-your-reach-with-trade-show-and-conference-videos-by-johnson-media-co/,0,1,0%,2
https://johnsonmediaco.com/2024/12/02/austin-brand-storytelling-transform-your-brand-with-johnson-media-co-s-captivating-video-production/,0,1,0%,2
https://johnsonmediaco.com/2025/04/08/community-films-video-storytelling/,0,1,0%,2
https://johnsonmediaco.com/educational-video-production-modern-learning/,0,1,0%,2
https://johnsonmediaco.com/professional-video-editing-for-storytelling/,0,1,0%,2
https://johnsonmediaco.com/work-categories/non-profit-video/,0,1,0%,2
https://johnsonmediaco.com/work/mr-rogers-emotional-intelligence/,0,1,0%,2
https://johnsonmediaco.com/austin-video-production-company-johnson-media-co-elevate-your-brand-with-high-quality-videos/,0,1,0%,3
https://johnsonmediaco.com/high-end-video-production-in-austin-elevate-your-brand-with-johnson-media-co/,0,1,0%,3
https://johnsonmediaco.com/mother-of-a-sacred-lamb/,0,1,0%,3
https://johnsonmediaco.com/work-categories/explainer-videos/,0,1,0%,3
https://johnsonmediaco.com/about-us-2/,0,1,0%,4
https://johnsonmediaco.com/esd8/,0,1,0%,4
https://johnsonmediaco.com/creative-video-agency/,0,1,0%,5
https://johnsonmediaco.com/work/truewind/,0,1,0%,5
https://johnsonmediaco.com/2025/01/20/small-business-video-production-in-austin/,0,1,0%,6
https://johnsonmediaco.com/2025/05/04/why-johnson-media-co-stands-out-among-production-companies-in-texas/,0,1,0%,6
https://johnsonmediaco.com/2025/01/31/educational-video-production-modern-learning/,0,1,0%,7
https://johnsonmediaco.com/2025/03/23/animated-video-production-services-austin-johnson-media-co/,0,1,0%,7
https://johnsonmediaco.com/industrial-video-production-austin/,0,1,0%,7
https://johnsonmediaco.com/2024/09/03/exceptional-video-production-for-engaging-branded-content/,0,1,0%,9
https://johnsonmediaco.com/2025/01/04/why-johnson-media-co-is-the-go-to-video-production-company-for-startups/,0,1,0%,10
https://johnsonmediaco.com/real-estate-video-production-in-austin/,0,1,0%,10
https://johnsonmediaco.com/vfx-austin-premium-visual-effects-guide/,0,1,0%,10
https://johnsonmediaco.com/tag/3d-animation-austin/,0,1,0%,11
https://johnsonmediaco.com/author/amanjohnsonmediaco-com/page/4/,0,1,0%,19
https://johnsonmediaco.com/tag/12/,0,1,0%,21
https://johnsonmediaco.com/2025/05/05/austin-video-production-that-listens-why-brands-choose-johnson-media-co-2/,0,1,0%,26
https://johnsonmediaco.com/work/restream-solutions/,0,1,0%,27
https://johnsonmediaco.com/online-video-production-in-austin/,0,1,0%,38
https://johnsonmediaco.com/2024/08/20/elevating-brand-stories-with-texas-video-production/,0,1,0%,44
https://johnsonmediaco.com/top-film-companies-in-austin-tx-why-johnson-media-co-is-your-best-creative-partner/,0,1,0%,69
https://johnsonmediaco.com/why-johnson-media-co-is-your-best-choice-for-austin-agency-video-production/,0,1,0%,90
https://johnsonmediaco.com/bring-your-brand-to-life-with-johnson-media-co-custom-video-production-in-austin/,0,1,0%,93
https://johnsonmediaco.com/2025/04/04/ad-agency-video-production/,0,1,0%,98