Top queries,Clicks,Impressions,CTR,Position
aman johnson,5,75,6.67%,5.56
johnson media,4,91,4.4%,6.2
johnson agency,1,3,33.33%,5.33
johnsonmediaco.com linkedin.com,0,1248,0%,4.59
austin video production,0,724,0%,72.44
johnson media ventures,0,647,0%,6.23
johnson media graphics inc,0,406,0%,5.96
johnson media inc,0,333,0%,6.17
austin video production company,0,250,0%,63.01
video production company austin,0,246,0%,58.55
johnson media service,0,237,0%,5.26
corporate video production austin,0,206,0%,74.33
video marketing austin,0,187,0%,33.43
video production companies austin,0,183,0%,77.55
video production austin texas,0,139,0%,91.68
austin production company,0,135,0%,72.52
video production austin tx,0,133,0%,79.61
austin video production companies,0,117,0%,81.94
video production agency austin,0,112,0%,64.56
video production companies austin tx,0,99,0%,79.8
video production companies in austin,0,86,0%,76.67
music video production austin tx,0,85,0%,40.06
nonprofit video production cost,0,78,0%,58.91
bezi,0,77,0%,49.6
austin media productions,0,76,0%,57.34
video production company austin texas,0,76,0%,62.63
nonprofit video production process,0,75,0%,49.17
production company austin tx,0,75,0%,86.47
video production in austin tx,0,73,0%,87.07
austin texas video production companies,0,71,0%,76.14
commercial video production austin,0,70,0%,80.86
video production in austin,0,69,0%,79.14
explainer video company in austin,0,68,0%,46.12
austin texas video production,0,64,0%,83.97
google mio,0,62,0%,49.21
austin music video services,0,61,0%,16.39
luxury brand video production services,0,57,0%,39.95
video production services austin,0,55,0%,91.84
austin product videography,0,53,0%,38.85
video production companies austin texas,0,53,0%,77.64
austin video production studio,0,51,0%,52.53
austin video marketing,0,47,0%,45.72
the method of places 2019,0,36,0%,3.81
austin video company,0,35,0%,31
austin music video production studio,0,34,0%,38.65
johnson production group,0,34,0%,59.47
johnson productions,0,30,0%,55.17
production company austin,0,30,0%,88.7
production companies austin tx,0,30,0%,94.5
media production companies in austin,0,26,0%,62.31
luxury brand video production,0,25,0%,29.12
austin video editing,0,25,0%,36.12
video production service austin,0,23,0%,96
video production company in austin,0,22,0%,57.36
austin videography corporate,0,20,0%,72.3
production company in austin,0,20,0%,92.7
production company austin texas,0,17,0%,80.59
video production services austin tx,0,14,0%,96.5
video marketing texas,0,12,0%,88.92
commercial video & film production services austin,0,11,0%,86.36
real estate austin media,0,10,0%,66.6
johnsonmediagroup.com,0,8,0%,6.88
media johnson,0,6,0%,9.67
motion graphics austin,0,6,0%,17.5
austin video production services,0,6,0%,93.83
j&j media,0,6,0%,98.17
austin media company,0,5,0%,12.4
foxbots,0,5,0%,59
austin tx production companies,0,5,0%,82.4
austin real estate video,0,5,0%,97
production studios austin,0,5,0%,101.8
media companies in austin tx,0,4,0%,66.5
sailpoint training austin,0,4,0%,68
johnson media group,0,3,0%,36.33
johnson production,0,3,0%,63.33
video production austin,0,3,0%,70
video production for nonprofits,0,3,0%,76
best video production companies austin,0,3,0%,84.67
2d animation austin,0,3,0%,88
non profit video production,0,3,0%,94
media co,0,2,0%,3
johnson company,0,2,0%,6
bezi editor,0,2,0%,7
johnson & co,0,2,0%,9.5
johnson and co,0,2,0%,11
johnson productions headquarters phone number usa,0,2,0%,14.5
austin real estate video services,0,2,0%,38.5
johnson and johnson media agency,0,2,0%,42.5
austin real estate videography,0,2,0%,54
video production for non profit organizations,0,2,0%,74
film companies austin tx,0,2,0%,78.5
johnson production group movies,0,2,0%,79
music mixing austin,0,2,0%,87.5
video production for charities,0,2,0%,93
narrative video production,0,2,0%,97
creative production services,0,1,0%,1
cruz media,0,1,0%,1
johnson video,0,1,0%,1
johnson film,0,1,0%,3
johnson media graphics inc headquarters phone number usa,0,1,0%,9
restream solutions,0,1,0%,27
music video production services,0,1,0%,30
johnson advertising,0,1,0%,32
austin corporate videos,0,1,0%,33
video marketing round rock,0,1,0%,35
media production companies,0,1,0%,42
"flowrestling, broadcasting & media production company, austin, texas",0,1,0%,47
bezi company,0,1,0%,50
real estate videography in austin,0,1,0%,53
nonprofit video production,0,1,0%,56
jmco technologies,0,1,0%,59
animation near me,0,1,0%,69
austin media companies,0,1,0%,69
texas video production,0,1,0%,76
austin film companies,0,1,0%,80
nonprofit video production company,0,1,0%,80
production company,0,1,0%,81
production companies in austin tx,0,1,0%,83
austin video services,0,1,0%,88
film companies in austin,0,1,0%,88
nonprofit video production studios,0,1,0%,88
nonprofit video production examples,0,1,0%,93
explainer video services colorado,0,1,0%,94
ad-just-video-production,0,1,0%,98
video production for non-profit,0,1,0%,99
videography austin tx,0,1,0%,154